objectid,ccdd,ccpp,ccdi,ubigeo,nombdist,fuente,periodo,ccdd_c,ccpp_c,ccdi_c,fec_reg
840,09,02,03,090203,ANTA,V Censo Nacional Economico,1,090,01,00,2022-07-22T01:39:29Z
1,01,01,01,010101,CHACHAPOYAS,V Censo Nacional Economico,1,010,01,00,2022-07-22T01:39:29Z
6,01,01,06,010106,CHUQUIBAMBA,V Censo Nacional Economico,1,010,01,00,2022-07-22T01:39:29Z
28,01,03,01,010301,JUMBILLA,V Censo Nacional Economico,1,010,01,00,2022-07-22T01:39:29Z
45,01,05,03,010503,COCABAMBA,V Censo Nacional Economico,1,010,01,00,2022-07-22T01:39:29Z
10,01,01,10,010110,LEIMEBAMBA,V Censo Nacional Economico,1,010,01,00,2022-07-22T01:39:29Z
470,05,03,04,050304,SANTIAGO DE LUCANAMARCA,V Censo Nacional Economico,1,050,01,00,2022-07-22T01:39:29Z
19,01,01,19,010119,SAN ISIDRO DE MAINO,V Censo Nacional Economico,1,010,01,00,2022-07-22T01:39:29Z
490,05,05,07,050507,SANTA ROSA,V Censo Nacional Economico,1,050,02,00,2022-07-22T01:39:29Z
491,05,05,08,050508,TAMBO,V Censo Nacional Economico,1,050,02,00,2022-07-22T01:39:29Z
492,05,05,09,050509,SAMUGARI,V Censo Nacional Economico,1,050,02,00,2022-07-22T01:39:29Z
493,05,05,10,050510,ANCHIHUAY,V Censo Nacional Economico,1,050,02,00,2022-07-22T01:39:29Z
494,05,05,11,050511,ORONCCOY,V Censo Nacional Economico,1,050,02,00,2022-07-22T01:39:29Z
1723,21,09,02,210902,CONIMA,V Censo Nacional Economico,1,210,01,00,2022-07-22T01:39:29Z
21,01,01,21,010121,SONCHE,V Censo Nacional Economico,1,010,01,00,2022-07-22T01:39:29Z
54,01,05,12,010512,OCALLI,V Censo Nacional Economico,1,010,01,00,2022-07-22T01:39:29Z
33,01,03,06,010306,FLORIDA,V Censo Nacional Economico,1,010,01,00,2022-07-22T01:39:29Z
1745,21,12,10,211210,SAN PEDRO DE PUTINA PUNCO,V Censo Nacional Economico,1,210,03,00,2022-07-22T01:39:29Z
1768,22,03,04,220304,SANTA ROSA,V Censo Nacional Economico,1,22A,01,00,2022-07-22T01:39:29Z
39,01,03,12,010312,YAMBRASBAMBA,V Censo Nacional Economico,1,010,01,00,2022-07-22T01:39:29Z
47,01,05,05,010505,CONILA,V Censo Nacional Economico,1,010,01,00,2022-07-22T01:39:29Z
1425,15,09,01,150901,OYON,V Censo Nacional Economico,1,15A,01,00,2022-07-22T01:39:29Z
77,01,06,12,010612,VISTA ALEGRE,V Censo Nacional Economico,1,010,01,00,2022-07-22T01:39:29Z
78,01,07,01,010701,BAGUA GRANDE,V Censo Nacional Economico,1,010,03,00,2022-07-22T01:39:29Z
79,01,07,02,010702,CAJARURO,V Censo Nacional Economico,1,010,03,00,2022-07-22T01:39:29Z
59,01,05,17,010517,SAN FRANCISCO DEL YESO,V Censo Nacional Economico,1,010,01,00,2022-07-22T01:39:29Z
60,01,05,18,010518,SAN JERONIMO,V Censo Nacional Economico,1,010,01,00,2022-07-22T01:39:29Z
85,02,01,01,020101,HUARAZ,V Censo Nacional Economico,1,02A,01,00,2022-07-22T01:39:29Z
64,01,05,22,010522,TINGO,V Censo Nacional Economico,1,010,01,00,2022-07-22T01:39:29Z
67,01,06,02,010602,CHIRIMOTO,V Censo Nacional Economico,1,010,01,00,2022-07-22T01:39:29Z
68,01,06,03,010603,COCHAMAL,V Censo Nacional Economico,1,010,01,00,2022-07-22T01:39:29Z
70,01,06,05,010605,LIMABAMBA,V Censo Nacional Economico,1,010,01,00,2022-07-22T01:39:29Z
71,01,06,06,010606,LONGAR,V Censo Nacional Economico,1,010,01,00,2022-07-22T01:39:29Z
89,02,01,05,020105,INDEPENDENCIA,V Censo Nacional Economico,1,02A,01,00,2022-07-22T01:39:29Z
92,02,01,08,020108,OLLEROS,V Censo Nacional Economico,1,02A,01,00,2022-07-22T01:39:29Z
93,02,01,09,020109,PAMPAS GRANDE,V Censo Nacional Economico,1,02A,01,00,2022-07-22T01:39:29Z
94,02,01,10,020110,PARIACOTO,V Censo Nacional Economico,1,02A,01,00,2022-07-22T01:39:29Z
102,02,03,01,020301,LLAMELLIN,V Censo Nacional Economico,1,02A,01,00,2022-07-22T01:39:29Z
103,02,03,02,020302,ACZO,V Censo Nacional Economico,1,02A,01,00,2022-07-22T01:39:29Z
107,02,03,06,020306,SAN JUAN DE RONTOY,V Censo Nacional Economico,1,02A,01,00,2022-07-22T01:39:29Z
110,02,05,01,020501,CHIQUIAN,V Censo Nacional Economico,1,02A,01,00,2022-07-22T01:39:29Z
113,02,05,04,020504,AQUIA,V Censo Nacional Economico,1,02A,01,00,2022-07-22T01:39:29Z
114,02,05,05,020505,CAJACAY,V Censo Nacional Economico,1,02A,01,00,2022-07-22T01:39:29Z
116,02,05,07,020507,COLQUIOC,V Censo Nacional Economico,1,02A,01,00,2022-07-22T01:39:29Z
117,02,05,08,020508,HUALLANCA,V Censo Nacional Economico,1,02A,01,00,2022-07-22T01:39:29Z
118,02,05,09,020509,HUASTA,V Censo Nacional Economico,1,02A,01,00,2022-07-22T01:39:29Z
121,02,05,12,020512,MANGAS,V Censo Nacional Economico,1,02A,01,00,2022-07-22T01:39:29Z
122,02,05,13,020513,PACLLON,V Censo Nacional Economico,1,02A,01,00,2022-07-22T01:39:29Z
125,02,06,01,020601,CARHUAZ,V Censo Nacional Economico,1,02A,01,00,2022-07-22T01:39:29Z
130,02,06,06,020606,MARCARA,V Censo Nacional Economico,1,02A,01,00,2022-07-22T01:39:29Z
132,02,06,08,020608,SAN MIGUEL DE ACO,V Censo Nacional Economico,1,02A,01,00,2022-07-22T01:39:29Z
136,02,07,01,020701,SAN LUIS,V Censo Nacional Economico,1,02A,01,00,2022-07-22T01:39:29Z
139,02,08,01,020801,CASMA,V Censo Nacional Economico,1,02B,03,00,2022-07-22T01:39:29Z
140,02,08,02,020802,BUENA VISTA ALTA,V Censo Nacional Economico,1,02B,03,00,2022-07-22T01:39:29Z
26,01,02,05,010205,IMAZA,V Censo Nacional Economico,1,010,02,00,2022-07-22T01:39:29Z
141,02,08,03,020803,COMANDANTE NOEL,V Censo Nacional Economico,1,02B,03,00,2022-07-22T01:39:29Z
142,02,08,04,020804,YAUTAN,V Censo Nacional Economico,1,02B,03,00,2022-07-22T01:39:29Z
146,02,09,04,020904,CUSCA,V Censo Nacional Economico,1,02A,02,00,2022-07-22T01:39:29Z
147,02,09,05,020905,LA PAMPA,V Censo Nacional Economico,1,02A,02,00,2022-07-22T01:39:29Z
150,02,10,01,021001,HUARI,V Censo Nacional Economico,1,02A,01,00,2022-07-22T01:39:29Z
212,02,16,03,021603,PAROBAMBA,V Censo Nacional Economico,1,02A,01,00,2022-07-22T01:39:29Z
213,02,16,04,021604,QUINUABAMBA,V Censo Nacional Economico,1,02A,01,00,2022-07-22T01:39:29Z
214,02,17,01,021701,RECUAY,V Censo Nacional Economico,1,02A,01,00,2022-07-22T01:39:29Z
215,02,17,02,021702,CATAC,V Censo Nacional Economico,1,02A,01,00,2022-07-22T01:39:29Z
216,02,17,03,021703,COTAPARACO,V Censo Nacional Economico,1,02A,01,00,2022-07-22T01:39:29Z
217,02,17,04,021704,HUAYLLAPAMPA,V Censo Nacional Economico,1,02A,01,00,2022-07-22T01:39:29Z
152,02,10,03,021003,CAJAY,V Censo Nacional Economico,1,02A,01,00,2022-07-22T01:39:29Z
153,02,10,04,021004,CHAVIN DE HUANTAR,V Censo Nacional Economico,1,02A,01,00,2022-07-22T01:39:29Z
155,02,10,06,021006,HUACCHIS,V Censo Nacional Economico,1,02A,01,00,2022-07-22T01:39:29Z
156,02,10,07,021007,HUACHIS,V Censo Nacional Economico,1,02A,01,00,2022-07-22T01:39:29Z
157,02,10,08,021008,HUANTAR,V Censo Nacional Economico,1,02A,01,00,2022-07-22T01:39:29Z
159,02,10,10,021010,PAUCAS,V Censo Nacional Economico,1,02A,01,00,2022-07-22T01:39:29Z
166,02,11,01,021101,HUARMEY,V Censo Nacional Economico,1,02B,03,00,2022-07-22T01:39:29Z
174,02,12,04,021204,HUAYLAS,V Censo Nacional Economico,1,02A,02,00,2022-07-22T01:39:29Z
176,02,12,06,021206,PAMPAROMAS,V Censo Nacional Economico,1,02A,02,00,2022-07-22T01:39:29Z
178,02,12,08,021208,SANTA CRUZ,V Censo Nacional Economico,1,02A,02,00,2022-07-22T01:39:29Z
179,02,12,09,021209,SANTO TORIBIO,V Censo Nacional Economico,1,02A,02,00,2022-07-22T01:39:29Z
180,02,12,10,021210,YURACMARCA,V Censo Nacional Economico,1,02A,02,00,2022-07-22T01:39:29Z
506,05,06,08,050608,LARAMATE,V Censo Nacional Economico,1,110,03,00,2022-07-22T01:39:29Z
507,05,06,09,050609,LEONCIO PRADO,V Censo Nacional Economico,1,110,03,00,2022-07-22T01:39:29Z
508,05,06,10,050610,LLAUTA,V Censo Nacional Economico,1,110,03,00,2022-07-22T01:39:29Z
184,02,13,04,021304,FIDEL OLIVAS ESCUDERO,V Censo Nacional Economico,1,02A,01,00,2022-07-22T01:39:29Z
522,05,07,03,050703,CORONEL CASTAÑEDA,V Censo Nacional Economico,1,110,03,00,2022-07-22T01:39:29Z
189,02,14,01,021401,OCROS,V Censo Nacional Economico,1,02A,01,00,2022-07-22T01:39:29Z
190,02,14,02,021402,ACAS,V Censo Nacional Economico,1,02A,01,00,2022-07-22T01:39:29Z
260,03,02,01,030201,ANDAHUAYLAS,V Censo Nacional Economico,1,030,02,00,2022-07-22T01:39:29Z
565,05,11,05,051105,HUAMBALPA,V Censo Nacional Economico,1,050,01,00,2022-07-22T01:39:29Z
1414,15,08,02,150802,AMBAR,V Censo Nacional Economico,1,15A,01,00,2022-07-22T01:39:29Z
1415,15,08,03,150803,CALETA DE CARQUIN,V Censo Nacional Economico,1,15A,01,00,2022-07-22T01:39:29Z
1416,15,08,04,150804,CHECRAS,V Censo Nacional Economico,1,15A,01,00,2022-07-22T01:39:29Z
193,02,14,05,021405,COCHAS,V Censo Nacional Economico,1,02A,01,00,2022-07-22T01:39:29Z
302,03,04,16,030416,TORAYA,V Censo Nacional Economico,1,030,01,00,2022-07-22T01:39:29Z
306,03,05,03,030503,COYLLURQUI,V Censo Nacional Economico,1,030,01,00,2022-07-22T01:39:29Z
307,03,05,04,030504,HAQUIRA,V Censo Nacional Economico,1,030,01,00,2022-07-22T01:39:29Z
308,03,05,05,030505,MARA,V Censo Nacional Economico,1,030,01,00,2022-07-22T01:39:29Z
309,03,05,06,030506,CHALLHUAHUACHO,V Censo Nacional Economico,1,030,01,00,2022-07-22T01:39:29Z
197,02,14,09,021409,SAN PEDRO,V Censo Nacional Economico,1,02A,01,00,2022-07-22T01:39:29Z
201,02,15,03,021503,CONCHUCOS,V Censo Nacional Economico,1,02B,01,00,2022-07-22T01:39:29Z
206,02,15,08,021508,PALLASCA,V Censo Nacional Economico,1,02B,01,00,2022-07-22T01:39:29Z
219,02,17,06,021706,MARCA,V Censo Nacional Economico,1,02A,01,00,2022-07-22T01:39:29Z
221,02,17,08,021708,PARARIN,V Censo Nacional Economico,1,02A,01,00,2022-07-22T01:39:29Z
223,02,17,10,021710,TICAPAMPA,V Censo Nacional Economico,1,02A,01,00,2022-07-22T01:39:29Z
227,02,18,04,021804,MACATE,V Censo Nacional Economico,1,02B,01,00,2022-07-22T01:39:29Z
228,02,18,05,021805,MORO,V Censo Nacional Economico,1,02B,02,00,2022-07-22T01:39:29Z
229,02,18,06,021806,NEPEÑA,V Censo Nacional Economico,1,02B,02,00,2022-07-22T01:39:29Z
230,02,18,07,021807,SAMANCO,V Censo Nacional Economico,1,02B,02,00,2022-07-22T01:39:29Z
232,02,18,09,021809,NUEVO CHIMBOTE,V Censo Nacional Economico,1,02B,02,00,2022-07-22T01:39:29Z
237,02,19,05,021905,CHINGALPO,V Censo Nacional Economico,1,02A,02,00,2022-07-22T01:39:29Z
238,02,19,06,021906,HUAYLLABAMBA,V Censo Nacional Economico,1,02A,02,00,2022-07-22T01:39:29Z
239,02,19,07,021907,QUICHES,V Censo Nacional Economico,1,02A,02,00,2022-07-22T01:39:29Z
240,02,19,08,021908,RAGASH,V Censo Nacional Economico,1,02A,02,00,2022-07-22T01:39:29Z
241,02,19,09,021909,SAN JUAN,V Censo Nacional Economico,1,02A,02,00,2022-07-22T01:39:29Z
243,02,20,01,022001,YUNGAY,V Censo Nacional Economico,1,02A,01,00,2022-07-22T01:39:29Z
244,02,20,02,022002,CASCAPARA,V Censo Nacional Economico,1,02A,01,00,2022-07-22T01:39:29Z
247,02,20,05,022005,QUILLO,V Censo Nacional Economico,1,02B,03,00,2022-07-22T01:39:29Z
249,02,20,07,022007,SHUPLUY,V Censo Nacional Economico,1,02A,01,00,2022-07-22T01:39:29Z
250,02,20,08,022008,YANAMA,V Censo Nacional Economico,1,02A,01,00,2022-07-22T01:39:29Z
251,03,01,01,030101,ABANCAY,V Censo Nacional Economico,1,030,01,00,2022-07-22T01:39:29Z
252,03,01,02,030102,CHACOCHE,V Censo Nacional Economico,1,030,01,00,2022-07-22T01:39:29Z
253,03,01,03,030103,CIRCA,V Censo Nacional Economico,1,030,01,00,2022-07-22T01:39:29Z
254,03,01,04,030104,CURAHUASI,V Censo Nacional Economico,1,030,01,00,2022-07-22T01:39:29Z
255,03,01,05,030105,HUANIPACA,V Censo Nacional Economico,1,030,01,00,2022-07-22T01:39:29Z
256,03,01,06,030106,LAMBRAMA,V Censo Nacional Economico,1,030,01,00,2022-07-22T01:39:29Z
257,03,01,07,030107,PICHIRHUA,V Censo Nacional Economico,1,030,01,00,2022-07-22T01:39:29Z
644,06,08,03,060803,CHONTALI,V Censo Nacional Economico,1,060,02,00,2022-07-22T01:39:29Z
645,06,08,04,060804,COLASAY,V Censo Nacional Economico,1,060,02,00,2022-07-22T01:39:29Z
263,03,02,04,030204,HUANCARAMA,V Censo Nacional Economico,1,030,02,00,2022-07-22T01:39:29Z
265,03,02,06,030206,HUAYANA,V Censo Nacional Economico,1,030,02,00,2022-07-22T01:39:29Z
269,03,02,10,030210,PAMPACHIRI,V Censo Nacional Economico,1,030,02,00,2022-07-22T01:39:29Z
668,06,11,01,061101,SAN MIGUEL,V Censo Nacional Economico,1,060,01,00,2022-07-22T01:39:29Z
271,03,02,12,030212,SAN ANTONIO DE CACHI,V Censo Nacional Economico,1,030,02,00,2022-07-22T01:39:29Z
272,03,02,13,030213,SAN JERONIMO,V Censo Nacional Economico,1,030,02,00,2022-07-22T01:39:29Z
273,03,02,14,030214,SAN MIGUEL DE CHACCRAMPA,V Censo Nacional Economico,1,030,02,00,2022-07-22T01:39:29Z
275,03,02,16,030216,TALAVERA,V Censo Nacional Economico,1,030,02,00,2022-07-22T01:39:29Z
276,03,02,17,030217,TUMAY HUARACA,V Censo Nacional Economico,1,030,02,00,2022-07-22T01:39:29Z
1050,12,01,05,120105,CHACAPAMPA,V Censo Nacional Economico,1,120,01,00,2022-07-22T01:39:29Z
279,03,02,20,030220,JOSE MARIA ARGUEDAS,V Censo Nacional Economico,1,030,02,00,2022-07-22T01:39:29Z
280,03,03,01,030301,ANTABAMBA,V Censo Nacional Economico,1,030,01,00,2022-07-22T01:39:29Z
282,03,03,03,030303,HUAQUIRCA,V Censo Nacional Economico,1,030,01,00,2022-07-22T01:39:29Z
283,03,03,04,030304,JUAN ESPINOZA MEDRANO,V Censo Nacional Economico,1,030,01,00,2022-07-22T01:39:29Z
284,03,03,05,030305,OROPESA,V Censo Nacional Economico,1,030,01,00,2022-07-22T01:39:29Z
298,03,04,12,030412,SAÑAYCA,V Censo Nacional Economico,1,030,01,00,2022-07-22T01:39:29Z
300,03,04,14,030414,TAPAIRIHUA,V Censo Nacional Economico,1,030,01,00,2022-07-22T01:39:29Z
313,03,06,04,030604,HUACCANA,V Censo Nacional Economico,1,030,02,00,2022-07-22T01:39:29Z
314,03,06,05,030605,OCOBAMBA,V Censo Nacional Economico,1,030,02,00,2022-07-22T01:39:29Z
320,03,06,11,030611,LOS CHANKAS,V Censo Nacional Economico,1,030,02,00,2022-07-22T01:39:29Z
322,03,07,01,030701,CHUQUIBAMBILLA,V Censo Nacional Economico,1,030,01,00,2022-07-22T01:39:29Z
696,07,01,01,070101,CALLAO,V Censo Nacional Economico,1,070,02,00,2022-07-22T01:39:29Z
328,03,07,07,030707,PATAYPAMPA,V Censo Nacional Economico,1,030,01,00,2022-07-22T01:39:29Z
335,03,07,14,030714,CURASCO,V Censo Nacional Economico,1,030,01,00,2022-07-22T01:39:29Z
338,04,01,03,040103,CAYMA,V Censo Nacional Economico,1,040,02,00,2022-07-22T01:39:29Z
339,04,01,04,040104,CERRO COLORADO,V Censo Nacional Economico,1,040,02,00,2022-07-22T01:39:29Z
340,04,01,05,040105,CHARACATO,V Censo Nacional Economico,1,040,03,00,2022-07-22T01:39:29Z
343,04,01,08,040108,LA JOYA,V Censo Nacional Economico,1,040,04,00,2022-07-22T01:39:29Z
354,04,01,19,040119,SAN JUAN DE TARUCANI,V Censo Nacional Economico,1,040,02,00,2022-07-22T01:39:29Z
355,04,01,20,040120,SANTA ISABEL DE SIGUAS,V Censo Nacional Economico,1,040,04,00,2022-07-22T01:39:29Z
356,04,01,21,040121,SANTA RITA DE SIGUAS,V Censo Nacional Economico,1,040,04,00,2022-07-22T01:39:29Z
1879,25,02,01,250201,RAIMONDI,V Censo Nacional Economico,1,250,01,00,2022-07-22T01:39:29Z
424,04,06,05,040605,IRAY,V Censo Nacional Economico,1,040,05,00,2022-07-22T01:39:29Z
425,04,06,06,040606,RIO GRANDE,V Censo Nacional Economico,1,040,05,00,2022-07-22T01:39:29Z
426,04,06,07,040607,SALAMANCA,V Censo Nacional Economico,1,040,05,00,2022-07-22T01:39:29Z
427,04,06,08,040608,YANAQUIHUA,V Censo Nacional Economico,1,040,05,00,2022-07-22T01:39:29Z
27,01,02,06,010206,LA PECA,V Censo Nacional Economico,1,010,02,00,2022-07-22T01:39:29Z
29,01,03,02,010302,CHISQUILLA,V Censo Nacional Economico,1,010,01,00,2022-07-22T01:39:29Z
428,04,07,01,040701,MOLLENDO,V Censo Nacional Economico,1,040,04,00,2022-07-22T01:39:29Z
429,04,07,02,040702,COCACHACRA,V Censo Nacional Economico,1,040,04,00,2022-07-22T01:39:29Z
1712,21,07,10,210710,VILAVILA,V Censo Nacional Economico,1,210,03,00,2022-07-22T01:39:29Z
436,04,08,03,040803,CHARCANA,V Censo Nacional Economico,1,040,05,00,2022-07-22T01:39:29Z
437,04,08,04,040804,HUAYNACOTAS,V Censo Nacional Economico,1,040,05,00,2022-07-22T01:39:29Z
438,04,08,05,040805,PAMPAMARCA,V Censo Nacional Economico,1,040,05,00,2022-07-22T01:39:29Z
439,04,08,06,040806,PUYCA,V Censo Nacional Economico,1,040,05,00,2022-07-22T01:39:29Z
440,04,08,07,040807,QUECHUALLA,V Censo Nacional Economico,1,040,05,00,2022-07-22T01:39:29Z
11,01,01,11,010111,LEVANTO,V Censo Nacional Economico,1,010,01,00,2022-07-22T01:39:29Z
12,01,01,12,010112,MAGDALENA,V Censo Nacional Economico,1,010,01,00,2022-07-22T01:39:29Z
461,05,02,01,050201,CANGALLO,V Censo Nacional Economico,1,050,01,00,2022-07-22T01:39:29Z
462,05,02,02,050202,CHUSCHI,V Censo Nacional Economico,1,050,01,00,2022-07-22T01:39:29Z
463,05,02,03,050203,LOS MOROCHUCOS,V Censo Nacional Economico,1,050,01,00,2022-07-22T01:39:29Z
14,01,01,14,010114,MOLINOPAMPA,V Censo Nacional Economico,1,010,01,00,2022-07-22T01:39:29Z
16,01,01,16,010116,OLLEROS,V Censo Nacional Economico,1,010,01,00,2022-07-22T01:39:29Z
471,05,04,01,050401,HUANTA,V Censo Nacional Economico,1,050,02,00,2022-07-22T01:39:29Z
472,05,04,02,050402,AYAHUANCO,V Censo Nacional Economico,1,050,02,00,2022-07-22T01:39:29Z
1717,21,08,05,210805,MACARI,V Censo Nacional Economico,1,210,03,00,2022-07-22T01:39:29Z
1718,21,08,06,210806,NUÑOA,V Censo Nacional Economico,1,210,03,00,2022-07-22T01:39:29Z
1719,21,08,07,210807,ORURILLO,V Censo Nacional Economico,1,210,03,00,2022-07-22T01:39:29Z
365,04,02,01,040201,CAMANA,V Censo Nacional Economico,1,040,05,00,2022-07-22T01:39:29Z
349,04,01,14,040114,POLOBAYA,V Censo Nacional Economico,1,040,03,00,2022-07-22T01:39:29Z
369,04,02,05,040205,NICOLAS DE PIEROLA,V Censo Nacional Economico,1,040,05,00,2022-07-22T01:39:29Z
382,04,03,10,040310,JAQUI,V Censo Nacional Economico,1,040,05,00,2022-07-22T01:39:29Z
383,04,03,11,040311,LOMAS,V Censo Nacional Economico,1,040,05,00,2022-07-22T01:39:29Z
384,04,03,12,040312,QUICACHA,V Censo Nacional Economico,1,040,05,00,2022-07-22T01:39:29Z
385,04,03,13,040313,YAUCA,V Censo Nacional Economico,1,040,05,00,2022-07-22T01:39:29Z
386,04,04,01,040401,APLAO,V Censo Nacional Economico,1,040,05,00,2022-07-22T01:39:29Z
387,04,04,02,040402,ANDAGUA,V Censo Nacional Economico,1,040,05,00,2022-07-22T01:39:29Z
359,04,01,24,040124,UCHUMAYO,V Censo Nacional Economico,1,040,04,00,2022-07-22T01:39:29Z
360,04,01,25,040125,VITOR,V Censo Nacional Economico,1,040,04,00,2022-07-22T01:39:29Z
405,04,05,06,040506,COPORAQUE,V Censo Nacional Economico,1,040,05,00,2022-07-22T01:39:29Z
406,04,05,07,040507,HUAMBO,V Censo Nacional Economico,1,040,05,00,2022-07-22T01:39:29Z
407,04,05,08,040508,HUANCA,V Censo Nacional Economico,1,040,05,00,2022-07-22T01:39:29Z
362,04,01,27,040127,YARABAMBA,V Censo Nacional Economico,1,040,03,00,2022-07-22T01:39:29Z
409,04,05,10,040510,LARI,V Censo Nacional Economico,1,040,05,00,2022-07-22T01:39:29Z
410,04,05,11,040511,LLUTA,V Censo Nacional Economico,1,040,05,00,2022-07-22T01:39:29Z
431,04,07,04,040704,ISLAY,V Censo Nacional Economico,1,040,04,00,2022-07-22T01:39:29Z
432,04,07,05,040705,MEJIA,V Censo Nacional Economico,1,040,04,00,2022-07-22T01:39:29Z
433,04,07,06,040706,PUNTA DE BOMBON,V Censo Nacional Economico,1,040,04,00,2022-07-22T01:39:29Z
434,04,08,01,040801,COTAHUASI,V Censo Nacional Economico,1,040,05,00,2022-07-22T01:39:29Z
442,04,08,09,040809,TAURIA,V Censo Nacional Economico,1,040,05,00,2022-07-22T01:39:29Z
444,04,08,11,040811,TORO,V Censo Nacional Economico,1,040,05,00,2022-07-22T01:39:29Z
445,05,01,01,050101,AYACUCHO,V Censo Nacional Economico,1,050,01,00,2022-07-22T01:39:29Z
446,05,01,02,050102,ACOCRO,V Censo Nacional Economico,1,050,01,00,2022-07-22T01:39:29Z
447,05,01,03,050103,ACOS VINCHOS,V Censo Nacional Economico,1,050,01,00,2022-07-22T01:39:29Z
448,05,01,04,050104,CARMEN ALTO,V Censo Nacional Economico,1,050,01,00,2022-07-22T01:39:29Z
449,05,01,05,050105,CHIARA,V Censo Nacional Economico,1,050,01,00,2022-07-22T01:39:29Z
452,05,01,08,050108,QUINUA,V Censo Nacional Economico,1,050,01,00,2022-07-22T01:39:29Z
1298,15,01,06,150106,CARABAYLLO,V Censo Nacional Economico,1,150,02,01,2022-07-22T01:39:29Z
454,05,01,10,050110,SAN JUAN BAUTISTA,V Censo Nacional Economico,1,050,01,00,2022-07-22T01:39:29Z
1301,15,01,09,150109,CIENEGUILLA,V Censo Nacional Economico,1,150,12,00,2022-07-22T01:39:29Z
1302,15,01,10,150110,COMAS,V Censo Nacional Economico,1,150,02,02,2022-07-22T01:39:29Z
1303,15,01,11,150111,EL AGUSTINO,V Censo Nacional Economico,1,150,04,00,2022-07-22T01:39:29Z
465,05,02,05,050205,PARAS,V Censo Nacional Economico,1,050,01,00,2022-07-22T01:39:29Z
475,05,04,05,050405,LURICOCHA,V Censo Nacional Economico,1,050,02,00,2022-07-22T01:39:29Z
476,05,04,06,050406,SANTILLANA,V Censo Nacional Economico,1,050,02,00,2022-07-22T01:39:29Z
477,05,04,07,050407,SIVIA,V Censo Nacional Economico,1,050,02,00,2022-07-22T01:39:29Z
478,05,04,08,050408,LLOCHEGUA,V Censo Nacional Economico,1,050,02,00,2022-07-22T01:39:29Z
479,05,04,09,050409,CANAYRE,V Censo Nacional Economico,1,050,02,00,2022-07-22T01:39:29Z
484,05,05,01,050501,SAN MIGUEL,V Censo Nacional Economico,1,050,02,00,2022-07-22T01:39:29Z
527,05,07,08,050708,UPAHUACHO,V Censo Nacional Economico,1,110,03,00,2022-07-22T01:39:29Z
528,05,08,01,050801,PAUSA,V Censo Nacional Economico,1,110,03,00,2022-07-22T01:39:29Z
529,05,08,02,050802,COLTA,V Censo Nacional Economico,1,110,03,00,2022-07-22T01:39:29Z
531,05,08,04,050804,LAMPA,V Censo Nacional Economico,1,110,03,00,2022-07-22T01:39:29Z
533,05,08,06,050806,OYOLO,V Censo Nacional Economico,1,110,03,00,2022-07-22T01:39:29Z
538,05,09,01,050901,QUEROBAMBA,V Censo Nacional Economico,1,050,01,00,2022-07-22T01:39:29Z
572,06,01,04,060104,COSPAN,V Censo Nacional Economico,1,060,01,00,2022-07-22T01:39:29Z
543,05,09,06,050906,MORCOLLA,V Censo Nacional Economico,1,050,01,00,2022-07-22T01:39:29Z
573,06,01,05,060105,ENCAÑADA,V Censo Nacional Economico,1,060,01,00,2022-07-22T01:39:29Z
545,05,09,08,050908,SAN PEDRO DE LARCAY,V Censo Nacional Economico,1,050,01,00,2022-07-22T01:39:29Z
548,05,09,11,050911,SORAS,V Censo Nacional Economico,1,050,01,00,2022-07-22T01:39:29Z
549,05,10,01,051001,HUANCAPI,V Censo Nacional Economico,1,050,01,00,2022-07-22T01:39:29Z
551,05,10,03,051003,APONGO,V Censo Nacional Economico,1,050,01,00,2022-07-22T01:39:29Z
553,05,10,05,051005,CANARIA,V Censo Nacional Economico,1,050,01,00,2022-07-22T01:39:29Z
558,05,10,10,051010,HUAYA,V Censo Nacional Economico,1,050,01,00,2022-07-22T01:39:29Z
559,05,10,11,051011,SARHUA,V Censo Nacional Economico,1,050,01,00,2022-07-22T01:39:29Z
560,05,10,12,051012,VILCANCHOS,V Censo Nacional Economico,1,050,01,00,2022-07-22T01:39:29Z
561,05,11,01,051101,VILCAS HUAMAN,V Censo Nacional Economico,1,050,01,00,2022-07-22T01:39:29Z
576,06,01,08,060108,LOS BAÑOS DEL INCA,V Censo Nacional Economico,1,060,01,00,2022-07-22T01:39:29Z
568,05,11,08,051108,VISCHONGO,V Censo Nacional Economico,1,050,01,00,2022-07-22T01:39:29Z
569,06,01,01,060101,CAJAMARCA,V Censo Nacional Economico,1,060,01,00,2022-07-22T01:39:29Z
570,06,01,02,060102,ASUNCION,V Censo Nacional Economico,1,060,01,00,2022-07-22T01:39:29Z
581,06,02,01,060201,CAJABAMBA,V Censo Nacional Economico,1,060,01,00,2022-07-22T01:39:29Z
582,06,02,02,060202,CACHACHI,V Censo Nacional Economico,1,060,01,00,2022-07-22T01:39:29Z
583,06,02,03,060203,CONDEBAMBA,V Censo Nacional Economico,1,060,01,00,2022-07-22T01:39:29Z
591,06,03,07,060307,MIGUEL IGLESIAS,V Censo Nacional Economico,1,060,01,00,2022-07-22T01:39:29Z
597,06,04,01,060401,CHOTA,V Censo Nacional Economico,1,060,02,00,2022-07-22T01:39:29Z
598,06,04,02,060402,ANGUIA,V Censo Nacional Economico,1,060,02,00,2022-07-22T01:39:29Z
620,06,05,05,060505,SAN BENITO,V Censo Nacional Economico,1,060,01,00,2022-07-22T01:39:29Z
603,06,04,07,060407,COCHABAMBA,V Censo Nacional Economico,1,060,02,00,2022-07-22T01:39:29Z
605,06,04,09,060409,HUAMBOS,V Censo Nacional Economico,1,060,02,00,2022-07-22T01:39:29Z
606,06,04,10,060410,LAJAS,V Censo Nacional Economico,1,060,02,00,2022-07-22T01:39:29Z
607,06,04,11,060411,LLAMA,V Censo Nacional Economico,1,060,02,00,2022-07-22T01:39:29Z
608,06,04,12,060412,MIRACOSTA,V Censo Nacional Economico,1,060,02,00,2022-07-22T01:39:29Z
610,06,04,14,060414,PION,V Censo Nacional Economico,1,060,02,00,2022-07-22T01:39:29Z
623,06,05,08,060508,YONAN,V Censo Nacional Economico,1,060,01,00,2022-07-22T01:39:29Z
624,06,06,01,060601,CUTERVO,V Censo Nacional Economico,1,060,02,00,2022-07-22T01:39:29Z
625,06,06,02,060602,CALLAYUC,V Censo Nacional Economico,1,060,02,00,2022-07-22T01:39:29Z
626,06,06,03,060603,CHOROS,V Censo Nacional Economico,1,060,02,00,2022-07-22T01:39:29Z
629,06,06,06,060606,PIMPINGOS,V Censo Nacional Economico,1,060,02,00,2022-07-22T01:39:29Z
630,06,06,07,060607,QUEROCOTILLO,V Censo Nacional Economico,1,060,02,00,2022-07-22T01:39:29Z
631,06,06,08,060608,SAN ANDRES DE CUTERVO,V Censo Nacional Economico,1,060,02,00,2022-07-22T01:39:29Z
634,06,06,11,060611,SANTA CRUZ,V Censo Nacional Economico,1,060,02,00,2022-07-22T01:39:29Z
636,06,06,13,060613,SANTO TOMAS,V Censo Nacional Economico,1,060,02,00,2022-07-22T01:39:29Z
637,06,06,14,060614,SOCOTA,V Censo Nacional Economico,1,060,02,00,2022-07-22T01:39:29Z
638,06,06,15,060615,TORIBIO CASANOVA,V Censo Nacional Economico,1,060,02,00,2022-07-22T01:39:29Z
639,06,07,01,060701,BAMBAMARCA,V Censo Nacional Economico,1,060,01,00,2022-07-22T01:39:29Z
648,06,08,07,060807,POMAHUACA,V Censo Nacional Economico,1,060,02,00,2022-07-22T01:39:29Z
649,06,08,08,060808,PUCARA,V Censo Nacional Economico,1,060,02,00,2022-07-22T01:39:29Z
650,06,08,09,060809,SALLIQUE,V Censo Nacional Economico,1,060,02,00,2022-07-22T01:39:29Z
651,06,08,10,060810,SAN FELIPE,V Censo Nacional Economico,1,060,02,00,2022-07-22T01:39:29Z
652,06,08,11,060811,SAN JOSE DEL ALTO,V Censo Nacional Economico,1,060,02,00,2022-07-22T01:39:29Z
653,06,08,12,060812,SANTA ROSA,V Censo Nacional Economico,1,060,02,00,2022-07-22T01:39:29Z
654,06,09,01,060901,SAN IGNACIO,V Censo Nacional Economico,1,060,02,00,2022-07-22T01:39:29Z
655,06,09,02,060902,CHIRINOS,V Censo Nacional Economico,1,060,02,00,2022-07-22T01:39:29Z
656,06,09,03,060903,HUARANGO,V Censo Nacional Economico,1,060,02,00,2022-07-22T01:39:29Z
657,06,09,04,060904,LA COIPA,V Censo Nacional Economico,1,060,02,00,2022-07-22T01:39:29Z
658,06,09,05,060905,NAMBALLE,V Censo Nacional Economico,1,060,02,00,2022-07-22T01:39:29Z
659,06,09,06,060906,SAN JOSE DE LOURDES,V Censo Nacional Economico,1,060,02,00,2022-07-22T01:39:29Z
704,08,01,02,080102,CCORCA,V Censo Nacional Economico,1,080,01,00,2022-07-22T01:39:29Z
667,06,10,07,061007,JOSE SABOGAL,V Censo Nacional Economico,1,060,01,00,2022-07-22T01:39:29Z
670,06,11,03,061103,CALQUIS,V Censo Nacional Economico,1,060,01,00,2022-07-22T01:39:29Z
674,06,11,07,061107,LLAPA,V Censo Nacional Economico,1,060,01,00,2022-07-22T01:39:29Z
677,06,11,10,061110,SAN GREGORIO,V Censo Nacional Economico,1,060,01,00,2022-07-22T01:39:29Z
678,06,11,11,061111,SAN SILVESTRE DE COCHAN,V Censo Nacional Economico,1,060,01,00,2022-07-22T01:39:29Z
1815,22,09,05,220905,CHIPURANA,V Censo Nacional Economico,1,22B,01,00,2022-07-22T01:39:29Z
680,06,11,13,061113,UNION AGUA BLANCA,V Censo Nacional Economico,1,060,01,00,2022-07-22T01:39:29Z
684,06,12,04,061204,TUMBADEN,V Censo Nacional Economico,1,060,01,00,2022-07-22T01:39:29Z
685,06,13,01,061301,SANTA CRUZ,V Censo Nacional Economico,1,060,02,00,2022-07-22T01:39:29Z
687,06,13,03,061303,CATACHE,V Censo Nacional Economico,1,060,02,00,2022-07-22T01:39:29Z
688,06,13,04,061304,CHANCAYBAÑOS,V Censo Nacional Economico,1,060,02,00,2022-07-22T01:39:29Z
689,06,13,05,061305,LA ESPERANZA,V Censo Nacional Economico,1,060,02,00,2022-07-22T01:39:29Z
691,06,13,07,061307,PULAN,V Censo Nacional Economico,1,060,02,00,2022-07-22T01:39:29Z
693,06,13,09,061309,SEXI,V Censo Nacional Economico,1,060,02,00,2022-07-22T01:39:29Z
716,08,02,06,080206,RONDOCAN,V Censo Nacional Economico,1,080,01,00,2022-07-22T01:39:29Z
717,08,02,07,080207,SANGARARA,V Censo Nacional Economico,1,080,01,00,2022-07-22T01:39:29Z
718,08,03,01,080301,ANTA,V Censo Nacional Economico,1,080,06,00,2022-07-22T01:39:29Z
701,07,01,06,070106,VENTANILLA,V Censo Nacional Economico,1,070,01,00,2022-07-22T01:39:29Z
706,08,01,04,080104,SAN JERONIMO,V Censo Nacional Economico,1,080,02,00,2022-07-22T01:39:29Z
707,08,01,05,080105,SAN SEBASTIAN,V Censo Nacional Economico,1,080,02,00,2022-07-22T01:39:29Z
708,08,01,06,080106,SANTIAGO,V Censo Nacional Economico,1,080,01,00,2022-07-22T01:39:29Z
81,01,07,04,010704,EL MILAGRO,V Censo Nacional Economico,1,010,03,00,2022-07-22T01:39:29Z
765,08,08,07,080807,SUYCKUTAMBO,V Censo Nacional Economico,1,080,04,00,2022-07-22T01:39:29Z
788,08,10,04,081004,COLCHA,V Censo Nacional Economico,1,080,01,00,2022-07-22T01:39:29Z
789,08,10,05,081005,HUANOQUITE,V Censo Nacional Economico,1,080,01,00,2022-07-22T01:39:29Z
790,08,10,06,081006,OMACHA,V Censo Nacional Economico,1,080,01,00,2022-07-22T01:39:29Z
791,08,10,07,081007,PACCARITAMBO,V Censo Nacional Economico,1,080,01,00,2022-07-22T01:39:29Z
799,08,11,06,081106,KOSÑIPATA,V Censo Nacional Economico,1,080,03,00,2022-07-22T01:39:29Z
713,08,02,03,080203,ACOS,V Censo Nacional Economico,1,080,01,00,2022-07-22T01:39:29Z
721,08,03,04,080304,CHINCHAYPUJIO,V Censo Nacional Economico,1,080,06,00,2022-07-22T01:39:29Z
722,08,03,05,080305,HUAROCONDO,V Censo Nacional Economico,1,080,06,00,2022-07-22T01:39:29Z
723,08,03,06,080306,LIMATAMBO,V Censo Nacional Economico,1,080,06,00,2022-07-22T01:39:29Z
724,08,03,07,080307,MOLLEPATA,V Censo Nacional Economico,1,080,06,00,2022-07-22T01:39:29Z
841,09,02,04,090204,CAJA,V Censo Nacional Economico,1,090,01,00,2022-07-22T01:39:29Z
842,09,02,05,090205,MARCAS,V Censo Nacional Economico,1,090,01,00,2022-07-22T01:39:29Z
843,09,02,06,090206,PAUCARA,V Censo Nacional Economico,1,090,01,00,2022-07-22T01:39:29Z
730,08,04,04,080404,LARES,V Censo Nacional Economico,1,080,06,00,2022-07-22T01:39:29Z
731,08,04,05,080405,PISAC,V Censo Nacional Economico,1,080,06,00,2022-07-22T01:39:29Z
732,08,04,06,080406,SAN SALVADOR,V Censo Nacional Economico,1,080,06,00,2022-07-22T01:39:29Z
734,08,04,08,080408,YANATILE,V Censo Nacional Economico,1,080,06,00,2022-07-22T01:39:29Z
735,08,05,01,080501,YANAOCA,V Censo Nacional Economico,1,080,04,00,2022-07-22T01:39:29Z
736,08,05,02,080502,CHECCA,V Censo Nacional Economico,1,080,04,00,2022-07-22T01:39:29Z
737,08,05,03,080503,KUNTURKANKI,V Censo Nacional Economico,1,080,04,00,2022-07-22T01:39:29Z
738,08,05,04,080504,LANGUI,V Censo Nacional Economico,1,080,04,00,2022-07-22T01:39:29Z
739,08,05,05,080505,LAYO,V Censo Nacional Economico,1,080,04,00,2022-07-22T01:39:29Z
741,08,05,07,080507,QUEHUE,V Censo Nacional Economico,1,080,04,00,2022-07-22T01:39:29Z
742,08,05,08,080508,TUPAC AMARU,V Censo Nacional Economico,1,080,04,00,2022-07-22T01:39:29Z
743,08,06,01,080601,SICUANI,V Censo Nacional Economico,1,080,03,00,2022-07-22T01:39:29Z
744,08,06,02,080602,CHECACUPE,V Censo Nacional Economico,1,080,03,00,2022-07-22T01:39:29Z
745,08,06,03,080603,COMBAPATA,V Censo Nacional Economico,1,080,03,00,2022-07-22T01:39:29Z
746,08,06,04,080604,MARANGANI,V Censo Nacional Economico,1,080,03,00,2022-07-22T01:39:29Z
747,08,06,05,080605,PITUMARCA,V Censo Nacional Economico,1,080,03,00,2022-07-22T01:39:29Z
748,08,06,06,080606,SAN PABLO,V Censo Nacional Economico,1,080,03,00,2022-07-22T01:39:29Z
811,08,12,12,081212,QUIQUIJANA,V Censo Nacional Economico,1,080,03,00,2022-07-22T01:39:29Z
812,08,13,01,081301,URUBAMBA,V Censo Nacional Economico,1,080,06,00,2022-07-22T01:39:29Z
815,08,13,04,081304,MACHUPICCHU,V Censo Nacional Economico,1,080,06,00,2022-07-22T01:39:29Z
817,08,13,06,081306,OLLANTAYTAMBO,V Censo Nacional Economico,1,080,06,00,2022-07-22T01:39:29Z
1306,15,01,14,150114,LA MOLINA,V Censo Nacional Economico,1,150,12,00,2022-07-22T01:39:29Z
824,09,01,06,090106,HUACHOCOLPA,V Censo Nacional Economico,1,090,01,00,2022-07-22T01:39:29Z
828,09,01,10,090110,MANTA,V Censo Nacional Economico,1,090,01,00,2022-07-22T01:39:29Z
831,09,01,13,090113,NUEVO OCCORO,V Censo Nacional Economico,1,090,01,00,2022-07-22T01:39:29Z
834,09,01,16,090116,VILCA,V Censo Nacional Economico,1,090,01,00,2022-07-22T01:39:29Z
846,09,03,01,090301,LIRCAY,V Censo Nacional Economico,1,090,01,00,2022-07-22T01:39:29Z
849,09,03,04,090304,CCOCHACCASA,V Censo Nacional Economico,1,090,01,00,2022-07-22T01:39:29Z
850,09,03,05,090305,CHINCHO,V Censo Nacional Economico,1,090,01,00,2022-07-22T01:39:29Z
851,09,03,06,090306,CONGALLA,V Censo Nacional Economico,1,090,01,00,2022-07-22T01:39:29Z
1095,12,03,05,120305,SAN RAMON,V Censo Nacional Economico,1,120,03,00,2022-07-22T01:39:29Z
1096,12,03,06,120306,VITOC,V Censo Nacional Economico,1,120,03,00,2022-07-22T01:39:29Z
856,09,03,11,090311,SANTO TOMAS DE PATA,V Censo Nacional Economico,1,090,01,00,2022-07-22T01:39:29Z
857,09,03,12,090312,SECCLLA,V Censo Nacional Economico,1,090,01,00,2022-07-22T01:39:29Z
858,09,04,01,090401,CASTROVIRREYNA,V Censo Nacional Economico,1,090,01,00,2022-07-22T01:39:29Z
859,09,04,02,090402,ARMA,V Censo Nacional Economico,1,090,01,00,2022-07-22T01:39:29Z
860,09,04,03,090403,AURAHUA,V Censo Nacional Economico,1,090,01,00,2022-07-22T01:39:29Z
873,09,05,03,090503,CHINCHIHUASI,V Censo Nacional Economico,1,090,01,00,2022-07-22T01:39:29Z
889,09,06,08,090608,QUERCO,V Censo Nacional Economico,1,090,01,00,2022-07-22T01:39:29Z
866,09,04,09,090409,MOLLEPAMPA,V Censo Nacional Economico,1,090,01,00,2022-07-22T01:39:29Z
867,09,04,10,090410,SAN JUAN,V Censo Nacional Economico,1,090,01,00,2022-07-22T01:39:29Z
868,09,04,11,090411,SANTA ANA,V Censo Nacional Economico,1,090,01,00,2022-07-22T01:39:29Z
891,09,06,10,090610,SAN ANTONIO DE CUSICANCHA,V Censo Nacional Economico,1,090,01,00,2022-07-22T01:39:29Z
892,09,06,11,090611,SAN FRANCISCO DE SANGAYAICO,V Censo Nacional Economico,1,090,01,00,2022-07-22T01:39:29Z
893,09,06,12,090612,SAN ISIDRO,V Censo Nacional Economico,1,090,01,00,2022-07-22T01:39:29Z
894,09,06,13,090613,SANTIAGO DE CHOCORVOS,V Censo Nacional Economico,1,090,01,00,2022-07-22T01:39:29Z
895,09,06,14,090614,SANTIAGO DE QUIRAHUARA,V Censo Nacional Economico,1,090,01,00,2022-07-22T01:39:29Z
896,09,06,15,090615,SANTO DOMINGO DE CAPILLAS,V Censo Nacional Economico,1,090,01,00,2022-07-22T01:39:29Z
899,09,07,02,090702,ACOSTAMBO,V Censo Nacional Economico,1,090,01,00,2022-07-22T01:39:29Z
876,09,05,06,090506,LOCROJA,V Censo Nacional Economico,1,090,01,00,2022-07-22T01:39:29Z
877,09,05,07,090507,PAUCARBAMBA,V Censo Nacional Economico,1,090,01,00,2022-07-22T01:39:29Z
917,09,07,22,090722,PICHOS,V Censo Nacional Economico,1,090,01,00,2022-07-22T01:39:29Z
882,09,06,01,090601,HUAYTARA,V Censo Nacional Economico,1,090,01,00,2022-07-22T01:39:29Z
883,09,06,02,090602,AYAVI,V Censo Nacional Economico,1,090,01,00,2022-07-22T01:39:29Z
944,10,03,11,100311,MARIAS,V Censo Nacional Economico,1,100,01,00,2022-07-22T01:39:29Z
945,10,03,13,100313,PACHAS,V Censo Nacional Economico,1,100,01,00,2022-07-22T01:39:29Z
1098,12,04,02,120402,ACOLLA,V Censo Nacional Economico,1,120,02,00,2022-07-22T01:39:29Z
1099,12,04,03,120403,APATA,V Censo Nacional Economico,1,120,02,00,2022-07-22T01:39:29Z
962,10,05,08,100508,PUNCHAO,V Censo Nacional Economico,1,100,01,00,2022-07-22T01:39:29Z
963,10,05,09,100509,PUÑOS,V Censo Nacional Economico,1,100,01,00,2022-07-22T01:39:29Z
964,10,05,10,100510,SINGA,V Censo Nacional Economico,1,100,01,00,2022-07-22T01:39:29Z
965,10,05,11,100511,TANTAMAYO,V Censo Nacional Economico,1,100,01,00,2022-07-22T01:39:29Z
966,10,06,01,100601,RUPA-RUPA,V Censo Nacional Economico,1,100,02,00,2022-07-22T01:39:29Z
967,10,06,02,100602,DANIEL ALOMIA ROBLES,V Censo Nacional Economico,1,100,02,00,2022-07-22T01:39:29Z
968,10,06,03,100603,HERMILIO VALDIZAN,V Censo Nacional Economico,1,100,02,00,2022-07-22T01:39:29Z
887,09,06,06,090606,OCOYO,V Censo Nacional Economico,1,090,01,00,2022-07-22T01:39:29Z
901,09,07,04,090704,AHUAYCHA,V Censo Nacional Economico,1,090,01,00,2022-07-22T01:39:29Z
902,09,07,05,090705,COLCABAMBA,V Censo Nacional Economico,1,090,01,00,2022-07-22T01:39:29Z
903,09,07,06,090706,DANIEL HERNANDEZ,V Censo Nacional Economico,1,090,01,00,2022-07-22T01:39:29Z
907,09,07,11,090711,PAZOS,V Censo Nacional Economico,1,090,01,00,2022-07-22T01:39:29Z
996,10,10,07,101007,SAN MIGUEL DE CAURI,V Censo Nacional Economico,1,100,01,00,2022-07-22T01:39:29Z
997,10,11,01,101101,CHAVINILLO,V Censo Nacional Economico,1,100,01,00,2022-07-22T01:39:29Z
1101,12,04,05,120405,CANCHAYLLO,V Censo Nacional Economico,1,120,02,00,2022-07-22T01:39:29Z
909,09,07,14,090714,SALCABAMBA,V Censo Nacional Economico,1,090,01,00,2022-07-22T01:39:29Z
1000,10,11,04,101104,APARICIO POMARES,V Censo Nacional Economico,1,100,01,00,2022-07-22T01:39:29Z
911,09,07,16,090716,SAN MARCOS DE ROCCHAC,V Censo Nacional Economico,1,090,01,00,2022-07-22T01:39:29Z
921,10,01,01,100101,HUANUCO,V Censo Nacional Economico,1,100,01,00,2022-07-22T01:39:29Z
923,10,01,03,100103,CHINCHAO,V Censo Nacional Economico,1,100,01,00,2022-07-22T01:39:29Z
924,10,01,04,100104,CHURUBAMBA,V Censo Nacional Economico,1,100,01,00,2022-07-22T01:39:29Z
925,10,01,05,100105,MARGOS,V Censo Nacional Economico,1,100,01,00,2022-07-22T01:39:29Z
931,10,01,11,100111,PILLCO MARCA,V Censo Nacional Economico,1,100,01,00,2022-07-22T01:39:29Z
933,10,01,13,100113,SAN PABLO DE PILLAO,V Censo Nacional Economico,1,100,01,00,2022-07-22T01:39:29Z
1269,14,01,15,140115,SAÑA,V Censo Nacional Economico,1,140,02,00,2022-07-22T01:39:29Z
951,10,04,01,100401,HUACAYBAMBA,V Censo Nacional Economico,1,100,01,00,2022-07-22T01:39:29Z
988,10,09,04,100904,TOURNAVISTA,V Censo Nacional Economico,1,100,01,00,2022-07-22T01:39:29Z
1038,11,04,04,110404,SANTA CRUZ,V Censo Nacional Economico,1,110,03,00,2022-07-22T01:39:29Z
1005,11,01,01,110101,ICA,V Censo Nacional Economico,1,110,01,00,2022-07-22T01:39:29Z
1006,11,01,02,110102,LA TINGUIÑA,V Censo Nacional Economico,1,110,01,00,2022-07-22T01:39:29Z
1043,11,05,04,110504,INDEPENDENCIA,V Censo Nacional Economico,1,110,02,00,2022-07-22T01:39:29Z
1044,11,05,05,110505,PARACAS,V Censo Nacional Economico,1,110,02,00,2022-07-22T01:39:29Z
1008,11,01,04,110104,OCUCAJE,V Censo Nacional Economico,1,110,01,00,2022-07-22T01:39:29Z
1012,11,01,08,110108,SALAS,V Censo Nacional Economico,1,110,01,00,2022-07-22T01:39:29Z
1017,11,01,13,110113,TATE,V Censo Nacional Economico,1,110,01,00,2022-07-22T01:39:29Z
1018,11,01,14,110114,YAUCA DEL ROSARIO,V Censo Nacional Economico,1,110,01,00,2022-07-22T01:39:29Z
1019,11,02,01,110201,CHINCHA ALTA,V Censo Nacional Economico,1,110,02,00,2022-07-22T01:39:29Z
1020,11,02,02,110202,ALTO LARAN,V Censo Nacional Economico,1,110,02,00,2022-07-22T01:39:29Z
1021,11,02,03,110203,CHAVIN,V Censo Nacional Economico,1,110,02,00,2022-07-22T01:39:29Z
1023,11,02,05,110205,EL CARMEN,V Censo Nacional Economico,1,110,02,00,2022-07-22T01:39:29Z
1024,11,02,06,110206,GROCIO PRADO,V Censo Nacional Economico,1,110,02,00,2022-07-22T01:39:29Z
1048,12,01,01,120101,HUANCAYO,V Censo Nacional Economico,1,120,01,00,2022-07-22T01:39:29Z
1053,12,01,08,120108,CHONGOS ALTO,V Censo Nacional Economico,1,120,01,00,2022-07-22T01:39:29Z
1055,12,01,12,120112,COLCA,V Censo Nacional Economico,1,120,01,00,2022-07-22T01:39:29Z
1057,12,01,14,120114,EL TAMBO,V Censo Nacional Economico,1,120,02,00,2022-07-22T01:39:29Z
1064,12,01,24,120124,PARIAHUANCA,V Censo Nacional Economico,1,120,01,00,2022-07-22T01:39:29Z
1068,12,01,28,120128,QUILCAS,V Censo Nacional Economico,1,120,02,00,2022-07-22T01:39:29Z
1074,12,01,35,120135,SANTO DOMINGO DE ACOBAMBA,V Censo Nacional Economico,1,120,02,00,2022-07-22T01:39:29Z
1078,12,02,03,120203,ANDAMARCA,V Censo Nacional Economico,1,120,02,00,2022-07-22T01:39:29Z
1079,12,02,04,120204,CHAMBARA,V Censo Nacional Economico,1,120,02,00,2022-07-22T01:39:29Z
1080,12,02,05,120205,COCHAS,V Censo Nacional Economico,1,120,02,00,2022-07-22T01:39:29Z
1081,12,02,06,120206,COMAS,V Censo Nacional Economico,1,120,02,00,2022-07-22T01:39:29Z
1127,12,04,31,120431,SINCOS,V Censo Nacional Economico,1,120,02,00,2022-07-22T01:39:29Z
1152,12,07,09,120709,TAPO,V Censo Nacional Economico,1,120,03,00,2022-07-22T01:39:29Z
1153,12,08,01,120801,LA OROYA,V Censo Nacional Economico,1,120,02,00,2022-07-22T01:39:29Z
1161,12,08,09,120809,SUITUCANCHA,V Censo Nacional Economico,1,120,02,00,2022-07-22T01:39:29Z
1162,12,08,10,120810,YAULI,V Censo Nacional Economico,1,120,02,00,2022-07-22T01:39:29Z
1163,12,09,01,120901,CHUPACA,V Censo Nacional Economico,1,120,02,00,2022-07-22T01:39:29Z
1164,12,09,02,120902,AHUAC,V Censo Nacional Economico,1,120,02,00,2022-07-22T01:39:29Z
167,02,11,02,021102,COCHAPETI,V Censo Nacional Economico,1,02B,03,00,2022-07-22T01:39:29Z
168,02,11,03,021103,CULEBRAS,V Censo Nacional Economico,1,02B,03,00,2022-07-22T01:39:29Z
1112,12,04,16,120416,MASMA,V Censo Nacional Economico,1,120,02,00,2022-07-22T01:39:29Z
1114,12,04,18,120418,MOLINOS,V Censo Nacional Economico,1,120,02,00,2022-07-22T01:39:29Z
1115,12,04,19,120419,MONOBAMBA,V Censo Nacional Economico,1,120,03,00,2022-07-22T01:39:29Z
1131,12,05,01,120501,JUNIN,V Censo Nacional Economico,1,120,02,00,2022-07-22T01:39:29Z
1132,12,05,02,120502,CARHUAMAYO,V Censo Nacional Economico,1,120,02,00,2022-07-22T01:39:29Z
1137,12,06,03,120603,LLAYLLA,V Censo Nacional Economico,1,120,03,00,2022-07-22T01:39:29Z
1138,12,06,04,120604,MAZAMARI,V Censo Nacional Economico,1,120,03,00,2022-07-22T01:39:29Z
1139,12,06,05,120605,PAMPA HERMOSA,V Censo Nacional Economico,1,120,03,00,2022-07-22T01:39:29Z
1140,12,06,06,120606,PANGOA,V Censo Nacional Economico,1,120,03,00,2022-07-22T01:39:29Z
1141,12,06,07,120607,RIO NEGRO,V Censo Nacional Economico,1,120,03,00,2022-07-22T01:39:29Z
1142,12,06,08,120608,RIO TAMBO,V Censo Nacional Economico,1,120,03,00,2022-07-22T01:39:29Z
1149,12,07,06,120706,PALCA,V Censo Nacional Economico,1,120,03,00,2022-07-22T01:39:29Z
1183,13,02,01,130201,ASCOPE,V Censo Nacional Economico,1,130,02,00,2022-07-22T01:39:29Z
1184,13,02,02,130202,CHICAMA,V Censo Nacional Economico,1,130,02,00,2022-07-22T01:39:29Z
1169,12,09,07,120907,SAN JUAN DE JARPA,V Censo Nacional Economico,1,120,02,00,2022-07-22T01:39:29Z
1200,13,05,01,130501,JULCAN,V Censo Nacional Economico,1,130,02,00,2022-07-22T01:39:29Z
1212,13,06,13,130613,SINSICAP,V Censo Nacional Economico,1,130,02,00,2022-07-22T01:39:29Z
1213,13,06,14,130614,USQUIL,V Censo Nacional Economico,1,130,02,00,2022-07-22T01:39:29Z
1214,13,07,01,130701,SAN PEDRO DE LLOC,V Censo Nacional Economico,1,130,03,00,2022-07-22T01:39:29Z
1215,13,07,02,130702,GUADALUPE,V Censo Nacional Economico,1,130,03,00,2022-07-22T01:39:29Z
1175,13,01,04,130104,HUANCHACO,V Censo Nacional Economico,1,130,02,00,2022-07-22T01:39:29Z
1232,13,09,01,130901,HUAMACHUCO,V Censo Nacional Economico,1,130,04,00,2022-07-22T01:39:29Z
1233,13,09,02,130902,CHUGAY,V Censo Nacional Economico,1,130,04,00,2022-07-22T01:39:29Z
1234,13,09,03,130903,COCHORCO,V Censo Nacional Economico,1,130,04,00,2022-07-22T01:39:29Z
1241,13,10,02,131002,ANGASMARCA,V Censo Nacional Economico,1,130,04,00,2022-07-22T01:39:29Z
1242,13,10,03,131003,CACHICADAN,V Censo Nacional Economico,1,130,04,00,2022-07-22T01:39:29Z
1246,13,10,07,131007,SANTA CRUZ DE CHUCA,V Censo Nacional Economico,1,130,04,00,2022-07-22T01:39:29Z
1247,13,10,08,131008,SITABAMBA,V Censo Nacional Economico,1,130,04,00,2022-07-22T01:39:29Z
1248,13,11,01,131101,CASCAS,V Censo Nacional Economico,1,130,02,00,2022-07-22T01:39:29Z
1249,13,11,02,131102,LUCMA,V Censo Nacional Economico,1,130,02,00,2022-07-22T01:39:29Z
1250,13,11,03,131103,MARMOT,V Censo Nacional Economico,1,130,02,00,2022-07-22T01:39:29Z
1251,13,11,04,131104,SAYAPULLO,V Censo Nacional Economico,1,130,02,00,2022-07-22T01:39:29Z
1252,13,12,01,131201,VIRU,V Censo Nacional Economico,1,130,01,00,2022-07-22T01:39:29Z
1253,13,12,02,131202,CHAO,V Censo Nacional Economico,1,130,01,00,2022-07-22T01:39:29Z
1254,13,12,03,131203,GUADALUPITO,V Censo Nacional Economico,1,130,01,00,2022-07-22T01:39:29Z
1188,13,02,06,130206,RAZURI,V Censo Nacional Economico,1,130,02,00,2022-07-22T01:39:29Z
1190,13,02,08,130208,CASA GRANDE,V Censo Nacional Economico,1,130,02,00,2022-07-22T01:39:29Z
1191,13,03,01,130301,BOLIVAR,V Censo Nacional Economico,1,060,01,00,2022-07-22T01:39:29Z
1192,13,03,02,130302,BAMBAMARCA,V Censo Nacional Economico,1,060,01,00,2022-07-22T01:39:29Z
1193,13,03,03,130303,CONDORMARCA,V Censo Nacional Economico,1,060,01,00,2022-07-22T01:39:29Z
1194,13,03,04,130304,LONGOTEA,V Censo Nacional Economico,1,060,01,00,2022-07-22T01:39:29Z
1195,13,03,05,130305,UCHUMARCA,V Censo Nacional Economico,1,060,01,00,2022-07-22T01:39:29Z
1207,13,06,05,130605,HUARANCHAL,V Censo Nacional Economico,1,130,02,00,2022-07-22T01:39:29Z
1218,13,07,05,130705,SAN JOSE,V Censo Nacional Economico,1,130,03,00,2022-07-22T01:39:29Z
1219,13,08,01,130801,TAYABAMBA,V Censo Nacional Economico,1,130,04,00,2022-07-22T01:39:29Z
1236,13,09,05,130905,MARCABAL,V Censo Nacional Economico,1,130,04,00,2022-07-22T01:39:29Z
1244,13,10,05,131005,MOLLEPATA,V Censo Nacional Economico,1,130,04,00,2022-07-22T01:39:29Z
1256,14,01,02,140102,CHONGOYAPE,V Censo Nacional Economico,1,140,01,00,2022-07-22T01:39:29Z
1261,14,01,07,140107,LAGUNAS,V Censo Nacional Economico,1,140,02,00,2022-07-22T01:39:29Z
1277,14,02,03,140203,INCAHUASI,V Censo Nacional Economico,1,140,01,00,2022-07-22T01:39:29Z
1273,14,01,19,140119,PUCALA,V Censo Nacional Economico,1,140,01,00,2022-07-22T01:39:29Z
1279,14,02,05,140205,PITIPO,V Censo Nacional Economico,1,140,01,00,2022-07-22T01:39:29Z
1284,14,03,04,140304,JAYANCA,V Censo Nacional Economico,1,140,03,00,2022-07-22T01:39:29Z
1290,14,03,10,140310,SALAS,V Censo Nacional Economico,1,140,03,00,2022-07-22T01:39:29Z
1317,15,01,25,150125,PUENTE PIEDRA,V Censo Nacional Economico,1,150,01,00,2022-07-22T01:39:29Z
1318,15,01,26,150126,PUNTA HERMOSA,V Censo Nacional Economico,1,150,16,00,2022-07-22T01:39:29Z
1319,15,01,27,150127,PUNTA NEGRA,V Censo Nacional Economico,1,150,16,00,2022-07-22T01:39:29Z
1320,15,01,28,150128,RIMAC,V Censo Nacional Economico,1,150,09,06,2022-07-22T01:39:29Z
1321,15,01,29,150129,SAN BARTOLO,V Censo Nacional Economico,1,150,16,00,2022-07-22T01:39:29Z
1293,15,01,01,150101,LIMA,V Censo Nacional Economico,1,150,04,00,2022-07-22T01:39:29Z
1341,15,03,01,150301,CAJATAMBO,V Censo Nacional Economico,1,15A,01,00,2022-07-22T01:39:29Z
1355,15,05,03,150503,CALANGO,V Censo Nacional Economico,1,150,17,00,2022-07-22T01:39:29Z
1356,15,05,04,150504,CERRO AZUL,V Censo Nacional Economico,1,150,17,00,2022-07-22T01:39:29Z
1357,15,05,05,150505,CHILCA,V Censo Nacional Economico,1,150,17,00,2022-07-22T01:39:29Z
1358,15,05,06,150506,COAYLLO,V Censo Nacional Economico,1,150,17,00,2022-07-22T01:39:29Z
1324,15,01,32,150132,SAN JUAN DE LURIGANCHO,V Censo Nacional Economico,1,150,09,09,2022-07-22T01:39:29Z
1327,15,01,35,150135,SAN MARTIN DE PORRES,V Censo Nacional Economico,1,150,03,03,2022-07-22T01:39:29Z
1328,15,01,36,150136,SAN MIGUEL,V Censo Nacional Economico,1,150,05,00,2022-07-22T01:39:29Z
1334,15,01,42,150142,VILLA EL SALVADOR,V Censo Nacional Economico,1,150,15,15,2022-07-22T01:39:29Z
1335,15,01,43,150143,VILLA MARIA DEL TRIUNFO,V Censo Nacional Economico,1,150,15,14,2022-07-22T01:39:29Z
1378,15,06,10,150610,SANTA CRUZ DE ANDAMARCA,V Censo Nacional Economico,1,15A,01,00,2022-07-22T01:39:29Z
1379,15,06,11,150611,SUMBILCA,V Censo Nacional Economico,1,15A,01,00,2022-07-22T01:39:29Z
1360,15,05,08,150508,LUNAHUANA,V Censo Nacional Economico,1,150,17,00,2022-07-22T01:39:29Z
1361,15,05,09,150509,MALA,V Censo Nacional Economico,1,150,17,00,2022-07-22T01:39:29Z
1362,15,05,10,150510,NUEVO IMPERIAL,V Censo Nacional Economico,1,150,17,00,2022-07-22T01:39:29Z
1363,15,05,11,150511,PACARAN,V Censo Nacional Economico,1,150,17,00,2022-07-22T01:39:29Z
1364,15,05,12,150512,QUILMANA,V Censo Nacional Economico,1,150,17,00,2022-07-22T01:39:29Z
1365,15,05,13,150513,SAN ANTONIO,V Censo Nacional Economico,1,150,17,00,2022-07-22T01:39:29Z
1384,15,07,04,150704,CARAMPOMA,V Censo Nacional Economico,1,150,10,00,2022-07-22T01:39:29Z
1385,15,07,05,150705,CHICLA,V Censo Nacional Economico,1,150,10,00,2022-07-22T01:39:29Z
1368,15,05,16,150516,ZUÑIGA,V Censo Nacional Economico,1,150,17,00,2022-07-22T01:39:29Z
1369,15,06,01,150601,HUARAL,V Censo Nacional Economico,1,15A,01,00,2022-07-22T01:39:29Z
1370,15,06,02,150602,ATAVILLOS ALTO,V Censo Nacional Economico,1,15A,01,00,2022-07-22T01:39:29Z
1376,15,06,08,150608,PACARAOS,V Censo Nacional Economico,1,15A,01,00,2022-07-22T01:39:29Z
1382,15,07,02,150702,ANTIOQUIA,V Censo Nacional Economico,1,150,10,00,2022-07-22T01:39:29Z
1388,15,07,08,150708,HUANZA,V Censo Nacional Economico,1,150,10,00,2022-07-22T01:39:29Z
1389,15,07,09,150709,HUAROCHIRI,V Censo Nacional Economico,1,150,10,00,2022-07-22T01:39:29Z
1433,15,10,03,151003,ALLAUCA,V Censo Nacional Economico,1,150,17,00,2022-07-22T01:39:29Z
1392,15,07,12,150712,LARAOS,V Censo Nacional Economico,1,150,10,00,2022-07-22T01:39:29Z
207,02,15,09,021509,PAMPAS,V Censo Nacional Economico,1,02B,01,00,2022-07-22T01:39:29Z
208,02,15,10,021510,SANTA ROSA,V Censo Nacional Economico,1,02B,01,00,2022-07-22T01:39:29Z
209,02,15,11,021511,TAUCA,V Censo Nacional Economico,1,02B,01,00,2022-07-22T01:39:29Z
224,02,18,01,021801,CHIMBOTE,V Censo Nacional Economico,1,02B,01,00,2022-07-22T01:39:29Z
225,02,18,02,021802,CACERES DEL PERU,V Censo Nacional Economico,1,02B,02,00,2022-07-22T01:39:29Z
234,02,19,02,021902,ACOBAMBA,V Censo Nacional Economico,1,02A,02,00,2022-07-22T01:39:29Z
323,03,07,02,030702,CURPAHUASI,V Censo Nacional Economico,1,030,01,00,2022-07-22T01:39:29Z
324,03,07,03,030703,GAMARRA,V Censo Nacional Economico,1,030,01,00,2022-07-22T01:39:29Z
325,03,07,04,030704,HUAYLLATI,V Censo Nacional Economico,1,030,01,00,2022-07-22T01:39:29Z
266,03,02,07,030207,KISHUARA,V Censo Nacional Economico,1,030,02,00,2022-07-22T01:39:29Z
267,03,02,08,030208,PACOBAMBA,V Censo Nacional Economico,1,030,02,00,2022-07-22T01:39:29Z
285,03,03,06,030306,PACHACONAS,V Censo Nacional Economico,1,030,01,00,2022-07-22T01:39:29Z
286,03,03,07,030307,SABAINO,V Censo Nacional Economico,1,030,01,00,2022-07-22T01:39:29Z
287,03,04,01,030401,CHALHUANCA,V Censo Nacional Economico,1,030,01,00,2022-07-22T01:39:29Z
289,03,04,03,030403,CARAYBAMBA,V Censo Nacional Economico,1,030,01,00,2022-07-22T01:39:29Z
301,03,04,15,030415,TINTAY,V Censo Nacional Economico,1,030,01,00,2022-07-22T01:39:29Z
329,03,07,08,030708,PROGRESO,V Censo Nacional Economico,1,030,01,00,2022-07-22T01:39:29Z
363,04,01,28,040128,YURA,V Censo Nacional Economico,1,040,02,00,2022-07-22T01:39:29Z
420,04,06,01,040601,CHUQUIBAMBA,V Censo Nacional Economico,1,040,05,00,2022-07-22T01:39:29Z
421,04,06,02,040602,ANDARAY,V Censo Nacional Economico,1,040,05,00,2022-07-22T01:39:29Z
422,04,06,03,040603,CAYARANI,V Censo Nacional Economico,1,040,05,00,2022-07-22T01:39:29Z
370,04,02,06,040206,OCOÑA,V Censo Nacional Economico,1,040,05,00,2022-07-22T01:39:29Z
371,04,02,07,040207,QUILCA,V Censo Nacional Economico,1,040,05,00,2022-07-22T01:39:29Z
388,04,04,03,040403,AYO,V Censo Nacional Economico,1,040,05,00,2022-07-22T01:39:29Z
389,04,04,04,040404,CHACHAS,V Censo Nacional Economico,1,040,05,00,2022-07-22T01:39:29Z
390,04,04,05,040405,CHILCAYMARCA,V Censo Nacional Economico,1,040,05,00,2022-07-22T01:39:29Z
391,04,04,06,040406,CHOCO,V Censo Nacional Economico,1,040,05,00,2022-07-22T01:39:29Z
392,04,04,07,040407,HUANCARQUI,V Censo Nacional Economico,1,040,05,00,2022-07-22T01:39:29Z
393,04,04,08,040408,MACHAGUAY,V Censo Nacional Economico,1,040,05,00,2022-07-22T01:39:29Z
394,04,04,09,040409,ORCOPAMPA,V Censo Nacional Economico,1,040,05,00,2022-07-22T01:39:29Z
395,04,04,10,040410,PAMPACOLCA,V Censo Nacional Economico,1,040,05,00,2022-07-22T01:39:29Z
373,04,03,01,040301,CARAVELI,V Censo Nacional Economico,1,040,05,00,2022-07-22T01:39:29Z
397,04,04,12,040412,UÑON,V Censo Nacional Economico,1,040,05,00,2022-07-22T01:39:29Z
400,04,05,01,040501,CHIVAY,V Censo Nacional Economico,1,040,05,00,2022-07-22T01:39:29Z
411,04,05,12,040512,MACA,V Censo Nacional Economico,1,040,05,00,2022-07-22T01:39:29Z
412,04,05,13,040513,MADRIGAL,V Censo Nacional Economico,1,040,05,00,2022-07-22T01:39:29Z
413,04,05,14,040514,SAN ANTONIO DE CHUCA,V Censo Nacional Economico,1,040,05,00,2022-07-22T01:39:29Z
414,04,05,15,040515,SIBAYO,V Censo Nacional Economico,1,040,05,00,2022-07-22T01:39:29Z
415,04,05,16,040516,TAPAY,V Censo Nacional Economico,1,040,05,00,2022-07-22T01:39:29Z
450,05,01,06,050106,OCROS,V Censo Nacional Economico,1,050,01,00,2022-07-22T01:39:29Z
466,05,02,06,050206,TOTOS,V Censo Nacional Economico,1,050,01,00,2022-07-22T01:39:29Z
467,05,03,01,050301,SANCOS,V Censo Nacional Economico,1,050,01,00,2022-07-22T01:39:29Z
480,05,04,10,050410,UCHURACCAY,V Censo Nacional Economico,1,050,02,00,2022-07-22T01:39:29Z
481,05,04,11,050411,PUCACOLPA,V Censo Nacional Economico,1,050,02,00,2022-07-22T01:39:29Z
482,05,04,12,050412,CHACA,V Censo Nacional Economico,1,050,02,00,2022-07-22T01:39:29Z
485,05,05,02,050502,ANCO,V Censo Nacional Economico,1,050,02,00,2022-07-22T01:39:29Z
486,05,05,03,050503,AYNA,V Censo Nacional Economico,1,050,02,00,2022-07-22T01:39:29Z
499,05,06,01,050601,PUQUIO,V Censo Nacional Economico,1,110,03,00,2022-07-22T01:39:29Z
515,05,06,17,050617,SAN PEDRO,V Censo Nacional Economico,1,110,03,00,2022-07-22T01:39:29Z
584,06,02,04,060204,SITACOCHA,V Censo Nacional Economico,1,060,01,00,2022-07-22T01:39:29Z
585,06,03,01,060301,CELENDIN,V Censo Nacional Economico,1,060,01,00,2022-07-22T01:39:29Z
586,06,03,02,060302,CHUMUCH,V Censo Nacional Economico,1,060,01,00,2022-07-22T01:39:29Z
588,06,03,04,060304,HUASMIN,V Censo Nacional Economico,1,060,01,00,2022-07-22T01:39:29Z
592,06,03,08,060308,OXAMARCA,V Censo Nacional Economico,1,060,01,00,2022-07-22T01:39:29Z
594,06,03,10,060310,SUCRE,V Censo Nacional Economico,1,060,01,00,2022-07-22T01:39:29Z
611,06,04,15,060415,QUEROCOTO,V Censo Nacional Economico,1,060,02,00,2022-07-22T01:39:29Z
612,06,04,16,060416,SAN JUAN DE LICUPIS,V Censo Nacional Economico,1,060,02,00,2022-07-22T01:39:29Z
1165,12,09,03,120903,CHONGOS BAJO,V Censo Nacional Economico,1,120,02,00,2022-07-22T01:39:29Z
675,06,11,08,061108,NANCHOC,V Censo Nacional Economico,1,060,01,00,2022-07-22T01:39:29Z
1814,22,09,04,220904,CHAZUTA,V Censo Nacional Economico,1,22B,01,00,2022-07-22T01:39:29Z
1816,22,09,06,220906,EL PORVENIR,V Censo Nacional Economico,1,22B,01,00,2022-07-22T01:39:29Z
1817,22,09,07,220907,HUIMBAYOC,V Censo Nacional Economico,1,22B,01,00,2022-07-22T01:39:29Z
686,06,13,02,061302,ANDABAMBA,V Censo Nacional Economico,1,060,02,00,2022-07-22T01:39:29Z
715,08,02,05,080205,POMACANCHI,V Censo Nacional Economico,1,080,01,00,2022-07-22T01:39:29Z
754,08,07,04,080704,COLQUEMARCA,V Censo Nacional Economico,1,080,04,00,2022-07-22T01:39:29Z
755,08,07,05,080705,LIVITACA,V Censo Nacional Economico,1,080,04,00,2022-07-22T01:39:29Z
756,08,07,06,080706,LLUSCO,V Censo Nacional Economico,1,080,04,00,2022-07-22T01:39:29Z
766,08,08,08,080808,ALTO PICHIGUA,V Censo Nacional Economico,1,080,04,00,2022-07-22T01:39:29Z
767,08,09,01,080901,SANTA ANA,V Censo Nacional Economico,1,080,05,00,2022-07-22T01:39:29Z
768,08,09,02,080902,ECHARATE,V Censo Nacional Economico,1,080,05,00,2022-07-22T01:39:29Z
769,08,09,03,080903,HUAYOPATA,V Censo Nacional Economico,1,080,05,00,2022-07-22T01:39:29Z
770,08,09,04,080904,MARANURA,V Censo Nacional Economico,1,080,05,00,2022-07-22T01:39:29Z
771,08,09,05,080905,OCOBAMBA,V Censo Nacional Economico,1,080,05,00,2022-07-22T01:39:29Z
772,08,09,06,080906,QUELLOUNO,V Censo Nacional Economico,1,080,05,00,2022-07-22T01:39:29Z
773,08,09,07,080907,KIMBIRI,V Censo Nacional Economico,1,050,03,00,2022-07-22T01:39:29Z
774,08,09,08,080908,SANTA TERESA,V Censo Nacional Economico,1,080,05,00,2022-07-22T01:39:29Z
775,08,09,09,080909,VILCABAMBA,V Censo Nacional Economico,1,080,05,00,2022-07-22T01:39:29Z
776,08,09,10,080910,PICHARI,V Censo Nacional Economico,1,050,03,00,2022-07-22T01:39:29Z
1872,25,01,01,250101,CALLERIA,V Censo Nacional Economico,1,250,01,00,2022-07-22T01:39:29Z
804,08,12,05,081205,CCATCA,V Censo Nacional Economico,1,080,03,00,2022-07-22T01:39:29Z
805,08,12,06,081206,CUSIPATA,V Censo Nacional Economico,1,080,03,00,2022-07-22T01:39:29Z
806,08,12,07,081207,HUARO,V Censo Nacional Economico,1,080,03,00,2022-07-22T01:39:29Z
727,08,04,01,080401,CALCA,V Censo Nacional Economico,1,080,06,00,2022-07-22T01:39:29Z
835,09,01,17,090117,YAULI,V Censo Nacional Economico,1,090,01,00,2022-07-22T01:39:29Z
836,09,01,18,090118,ASCENSION,V Censo Nacional Economico,1,090,01,00,2022-07-22T01:39:29Z
837,09,01,19,090119,HUANDO,V Censo Nacional Economico,1,090,01,00,2022-07-22T01:39:29Z
838,09,02,01,090201,ACOBAMBA,V Censo Nacional Economico,1,090,01,00,2022-07-22T01:39:29Z
786,08,10,02,081002,ACCHA,V Censo Nacional Economico,1,080,01,00,2022-07-22T01:39:29Z
794,08,11,01,081101,PAUCARTAMBO,V Censo Nacional Economico,1,080,03,00,2022-07-22T01:39:29Z
802,08,12,03,081203,CAMANTI,V Censo Nacional Economico,1,080,03,00,2022-07-22T01:39:29Z
819,09,01,01,090101,HUANCAVELICA,V Censo Nacional Economico,1,090,01,00,2022-07-22T01:39:29Z
210,02,16,01,021601,POMABAMBA,V Censo Nacional Economico,1,02A,01,00,2022-07-22T01:39:29Z
211,02,16,02,021602,HUAYLLAN,V Censo Nacional Economico,1,02A,01,00,2022-07-22T01:39:29Z
1087,12,02,12,120212,NUEVE DE JULIO,V Censo Nacional Economico,1,120,02,00,2022-07-22T01:39:29Z
861,09,04,04,090404,CAPILLAS,V Censo Nacional Economico,1,090,01,00,2022-07-22T01:39:29Z
862,09,04,05,090405,CHUPAMARCA,V Censo Nacional Economico,1,090,01,00,2022-07-22T01:39:29Z
890,09,06,09,090609,QUITO-ARMA,V Censo Nacional Economico,1,090,01,00,2022-07-22T01:39:29Z
897,09,06,16,090616,TAMBO,V Censo Nacional Economico,1,090,01,00,2022-07-22T01:39:29Z
928,10,01,08,100108,SAN PEDRO DE CHAULAN,V Censo Nacional Economico,1,100,01,00,2022-07-22T01:39:29Z
929,10,01,09,100109,SANTA MARIA DEL VALLE,V Censo Nacional Economico,1,100,01,00,2022-07-22T01:39:29Z
969,10,06,04,100604,JOSE CRESPO Y CASTILLO,V Censo Nacional Economico,1,100,02,00,2022-07-22T01:39:29Z
970,10,06,05,100605,LUYANDO,V Censo Nacional Economico,1,100,02,00,2022-07-22T01:39:29Z
971,10,06,06,100606,MARIANO DAMASO BERAUN,V Censo Nacional Economico,1,100,02,00,2022-07-22T01:39:29Z
972,10,06,07,100607,PUCAYACU,V Censo Nacional Economico,1,100,02,00,2022-07-22T01:39:29Z
888,09,06,07,090607,PILPICHACA,V Censo Nacional Economico,1,090,01,00,2022-07-22T01:39:29Z
904,09,07,07,090707,HUACHOCOLPA,V Censo Nacional Economico,1,090,01,00,2022-07-22T01:39:29Z
905,09,07,09,090709,HUARIBAMBA,V Censo Nacional Economico,1,090,01,00,2022-07-22T01:39:29Z
977,10,07,02,100702,CHOLON,V Censo Nacional Economico,1,100,01,00,2022-07-22T01:39:29Z
978,10,07,03,100703,SAN BUENAVENTURA,V Censo Nacional Economico,1,100,01,00,2022-07-22T01:39:29Z
979,10,07,04,100704,LA MORADA,V Censo Nacional Economico,1,100,01,00,2022-07-22T01:39:29Z
980,10,07,05,100705,SANTA ROSA DE ALTO YANAJANCA,V Censo Nacional Economico,1,100,01,00,2022-07-22T01:39:29Z
981,10,08,01,100801,PANAO,V Censo Nacional Economico,1,100,01,00,2022-07-22T01:39:29Z
982,10,08,02,100802,CHAGLLA,V Censo Nacional Economico,1,100,01,00,2022-07-22T01:39:29Z
235,02,19,03,021903,ALFONSO UGARTE,V Censo Nacional Economico,1,02A,02,00,2022-07-22T01:39:29Z
1100,12,04,04,120404,ATAURA,V Censo Nacional Economico,1,120,02,00,2022-07-22T01:39:29Z
912,09,07,17,090717,SURCUBAMBA,V Censo Nacional Economico,1,090,01,00,2022-07-22T01:39:29Z
913,09,07,18,090718,TINTAY PUNCU,V Censo Nacional Economico,1,090,01,00,2022-07-22T01:39:29Z
914,09,07,19,090719,QUICHUAS,V Censo Nacional Economico,1,090,01,00,2022-07-22T01:39:29Z
1009,11,01,05,110105,PACHACUTEC,V Censo Nacional Economico,1,110,01,00,2022-07-22T01:39:29Z
934,10,02,01,100201,AMBO,V Censo Nacional Economico,1,100,01,00,2022-07-22T01:39:29Z
935,10,02,02,100202,CAYNA,V Censo Nacional Economico,1,100,01,00,2022-07-22T01:39:29Z
936,10,02,03,100203,COLPAS,V Censo Nacional Economico,1,100,01,00,2022-07-22T01:39:29Z
1030,11,03,01,110301,NASCA,V Censo Nacional Economico,1,110,03,00,2022-07-22T01:39:29Z
1031,11,03,02,110302,CHANGUILLO,V Censo Nacional Economico,1,110,03,00,2022-07-22T01:39:29Z
952,10,04,02,100402,CANCHABAMBA,V Censo Nacional Economico,1,100,01,00,2022-07-22T01:39:29Z
953,10,04,03,100403,COCHABAMBA,V Censo Nacional Economico,1,100,01,00,2022-07-22T01:39:29Z
989,10,09,05,100905,YUYAPICHIS,V Censo Nacional Economico,1,100,01,00,2022-07-22T01:39:29Z
990,10,10,01,101001,JESUS,V Censo Nacional Economico,1,100,01,00,2022-07-22T01:39:29Z
991,10,10,02,101002,BAÑOS,V Censo Nacional Economico,1,100,01,00,2022-07-22T01:39:29Z
1002,10,11,06,101106,OBAS,V Censo Nacional Economico,1,100,01,00,2022-07-22T01:39:29Z
1013,11,01,09,110109,SAN JOSE DE LOS MOLINOS,V Censo Nacional Economico,1,110,01,00,2022-07-22T01:39:29Z
1015,11,01,11,110111,SANTIAGO,V Censo Nacional Economico,1,110,01,00,2022-07-22T01:39:29Z
1025,11,02,07,110207,PUEBLO NUEVO,V Censo Nacional Economico,1,110,02,00,2022-07-22T01:39:29Z
1026,11,02,08,110208,SAN JUAN DE YANAC,V Censo Nacional Economico,1,110,02,00,2022-07-22T01:39:29Z
1027,11,02,09,110209,SAN PEDRO DE HUACARPANA,V Censo Nacional Economico,1,110,02,00,2022-07-22T01:39:29Z
1091,12,03,01,120301,CHANCHAMAYO,V Censo Nacional Economico,1,120,03,00,2022-07-22T01:39:29Z
1123,12,04,27,120427,RICRAN,V Censo Nacional Economico,1,120,02,00,2022-07-22T01:39:29Z
1133,12,05,03,120503,ONDORES,V Censo Nacional Economico,1,120,02,00,2022-07-22T01:39:29Z
1134,12,05,04,120504,ULCUMAYO,V Censo Nacional Economico,1,120,02,00,2022-07-22T01:39:29Z
1135,12,06,01,120601,SATIPO,V Censo Nacional Economico,1,120,03,00,2022-07-22T01:39:29Z
1177,13,01,06,130106,LAREDO,V Censo Nacional Economico,1,130,02,00,2022-07-22T01:39:29Z
1873,25,01,02,250102,CAMPOVERDE,V Censo Nacional Economico,1,250,01,00,2022-07-22T01:39:29Z
1874,25,01,03,250103,IPARIA,V Censo Nacional Economico,1,250,01,00,2022-07-22T01:39:29Z
1143,12,06,09,120609,VIZCATAN DEL ENE,V Censo Nacional Economico,1,120,03,00,2022-07-22T01:39:29Z
1144,12,07,01,120701,TARMA,V Censo Nacional Economico,1,120,03,00,2022-07-22T01:39:29Z
1180,13,01,09,130109,SALAVERRY,V Censo Nacional Economico,1,130,01,00,2022-07-22T01:39:29Z
1181,13,01,10,130110,SIMBAL,V Censo Nacional Economico,1,130,02,00,2022-07-22T01:39:29Z
1877,25,01,06,250106,NUEVA REQUENA,V Censo Nacional Economico,1,250,01,00,2022-07-22T01:39:29Z
1146,12,07,03,120703,HUARICOLCA,V Censo Nacional Economico,1,120,03,00,2022-07-22T01:39:29Z
1150,12,07,07,120707,PALCAMAYO,V Censo Nacional Economico,1,120,03,00,2022-07-22T01:39:29Z
1151,12,07,08,120708,SAN PEDRO DE CAJAS,V Censo Nacional Economico,1,120,02,00,2022-07-22T01:39:29Z
1155,12,08,03,120803,HUAY-HUAY,V Censo Nacional Economico,1,120,02,00,2022-07-22T01:39:29Z
1888,25,03,06,250306,HUIPOCA,V Censo Nacional Economico,1,250,01,00,2022-07-22T01:39:29Z
1889,25,03,07,250307,BOQUERON,V Censo Nacional Economico,1,250,01,00,2022-07-22T01:39:29Z
1890,25,04,01,250401,PURUS,V Censo Nacional Economico,1,250,01,00,2022-07-22T01:39:29Z
1201,13,05,02,130502,CALAMARCA,V Censo Nacional Economico,1,130,02,00,2022-07-22T01:39:29Z
1202,13,05,03,130503,CARABAMBA,V Censo Nacional Economico,1,130,02,00,2022-07-22T01:39:29Z
1203,13,05,04,130504,HUASO,V Censo Nacional Economico,1,130,02,00,2022-07-22T01:39:29Z
1204,13,06,01,130601,OTUZCO,V Censo Nacional Economico,1,130,02,00,2022-07-22T01:39:29Z
1205,13,06,02,130602,AGALLPAMPA,V Censo Nacional Economico,1,130,02,00,2022-07-22T01:39:29Z
1174,13,01,03,130103,FLORENCIA DE MORA,V Censo Nacional Economico,1,130,02,00,2022-07-22T01:39:29Z
290,03,04,04,030404,CHAPIMARCA,V Censo Nacional Economico,1,030,01,00,2022-07-22T01:39:29Z
304,03,05,01,030501,TAMBOBAMBA,V Censo Nacional Economico,1,030,01,00,2022-07-22T01:39:29Z
516,05,06,18,050618,SAN PEDRO DE PALCO,V Censo Nacional Economico,1,110,03,00,2022-07-22T01:39:29Z
367,04,02,03,040203,MARIANO NICOLAS VALCARCEL,V Censo Nacional Economico,1,040,05,00,2022-07-22T01:39:29Z
374,04,03,02,040302,ACARI,V Censo Nacional Economico,1,040,05,00,2022-07-22T01:39:29Z
375,04,03,03,040303,ATICO,V Censo Nacional Economico,1,040,05,00,2022-07-22T01:39:29Z
376,04,03,04,040304,ATIQUIPA,V Censo Nacional Economico,1,040,05,00,2022-07-22T01:39:29Z
398,04,04,13,040413,URACA,V Censo Nacional Economico,1,040,05,00,2022-07-22T01:39:29Z
423,04,06,04,040604,CHICHAS,V Censo Nacional Economico,1,040,05,00,2022-07-22T01:39:29Z
401,04,05,02,040502,ACHOMA,V Censo Nacional Economico,1,040,05,00,2022-07-22T01:39:29Z
402,04,05,03,040503,CABANACONDE,V Censo Nacional Economico,1,040,05,00,2022-07-22T01:39:29Z
403,04,05,04,040504,CALLALLI,V Censo Nacional Economico,1,040,05,00,2022-07-22T01:39:29Z
416,04,05,17,040517,TISCO,V Censo Nacional Economico,1,040,05,00,2022-07-22T01:39:29Z
417,04,05,18,040518,TUTI,V Censo Nacional Economico,1,040,05,00,2022-07-22T01:39:29Z
418,04,05,19,040519,YANQUE,V Censo Nacional Economico,1,040,05,00,2022-07-22T01:39:29Z
419,04,05,20,040520,MAJES,V Censo Nacional Economico,1,040,05,00,2022-07-22T01:39:29Z
456,05,01,12,050112,SOCOS,V Censo Nacional Economico,1,050,01,00,2022-07-22T01:39:29Z
457,05,01,13,050113,TAMBILLO,V Censo Nacional Economico,1,050,01,00,2022-07-22T01:39:29Z
487,05,05,04,050504,CHILCAS,V Censo Nacional Economico,1,050,02,00,2022-07-22T01:39:29Z
488,05,05,05,050505,CHUNGUI,V Censo Nacional Economico,1,050,02,00,2022-07-22T01:39:29Z
489,05,05,06,050506,LUIS CARRANZA,V Censo Nacional Economico,1,050,02,00,2022-07-22T01:39:29Z
500,05,06,02,050602,AUCARA,V Censo Nacional Economico,1,110,03,00,2022-07-22T01:39:29Z
501,05,06,03,050603,CABANA,V Censo Nacional Economico,1,110,03,00,2022-07-22T01:39:29Z
502,05,06,04,050604,CARMEN SALCEDO,V Censo Nacional Economico,1,110,03,00,2022-07-22T01:39:29Z
524,05,07,05,050705,PULLO,V Censo Nacional Economico,1,110,03,00,2022-07-22T01:39:29Z
601,06,04,05,060405,CHIMBAN,V Censo Nacional Economico,1,060,02,00,2022-07-22T01:39:29Z
613,06,04,17,060417,TACABAMBA,V Censo Nacional Economico,1,060,02,00,2022-07-22T01:39:29Z
614,06,04,18,060418,TOCMOCHE,V Censo Nacional Economico,1,060,02,00,2022-07-22T01:39:29Z
615,06,04,19,060419,CHALAMARCA,V Censo Nacional Economico,1,060,02,00,2022-07-22T01:39:29Z
616,06,05,01,060501,CONTUMAZA,V Censo Nacional Economico,1,060,01,00,2022-07-22T01:39:29Z
1166,12,09,04,120904,HUACHAC,V Censo Nacional Economico,1,120,02,00,2022-07-22T01:39:29Z
642,06,08,01,060801,JAEN,V Censo Nacional Economico,1,060,02,00,2022-07-22T01:39:29Z
660,06,09,07,060907,TABACONAS,V Censo Nacional Economico,1,060,02,00,2022-07-22T01:39:29Z
703,08,01,01,080101,CUSCO,V Censo Nacional Economico,1,080,01,00,2022-07-22T01:39:29Z
757,08,07,07,080707,QUIÑOTA,V Censo Nacional Economico,1,080,04,00,2022-07-22T01:39:29Z
758,08,07,08,080708,VELILLE,V Censo Nacional Economico,1,080,04,00,2022-07-22T01:39:29Z
759,08,08,01,080801,ESPINAR,V Censo Nacional Economico,1,080,04,00,2022-07-22T01:39:29Z
760,08,08,02,080802,CONDOROMA,V Censo Nacional Economico,1,080,04,00,2022-07-22T01:39:29Z
761,08,08,03,080803,COPORAQUE,V Censo Nacional Economico,1,080,04,00,2022-07-22T01:39:29Z
762,08,08,04,080804,OCORURO,V Censo Nacional Economico,1,080,04,00,2022-07-22T01:39:29Z
763,08,08,05,080805,PALLPATA,V Censo Nacional Economico,1,080,04,00,2022-07-22T01:39:29Z
764,08,08,06,080806,PICHIGUA,V Censo Nacional Economico,1,080,04,00,2022-07-22T01:39:29Z
796,08,11,03,081103,CHALLABAMBA,V Censo Nacional Economico,1,080,03,00,2022-07-22T01:39:29Z
807,08,12,08,081208,LUCRE,V Censo Nacional Economico,1,080,03,00,2022-07-22T01:39:29Z
808,08,12,09,081209,MARCAPATA,V Censo Nacional Economico,1,080,03,00,2022-07-22T01:39:29Z
809,08,12,10,081210,OCONGATE,V Censo Nacional Economico,1,080,03,00,2022-07-22T01:39:29Z
751,08,07,01,080701,SANTO TOMAS,V Censo Nacional Economico,1,080,04,00,2022-07-22T01:39:29Z
787,08,10,03,081003,CCAPI,V Censo Nacional Economico,1,080,01,00,2022-07-22T01:39:29Z
795,08,11,02,081102,CAICAY,V Censo Nacional Economico,1,080,03,00,2022-07-22T01:39:29Z
803,08,12,04,081204,CCARHUAYO,V Censo Nacional Economico,1,080,03,00,2022-07-22T01:39:29Z
820,09,01,02,090102,ACOBAMBILLA,V Censo Nacional Economico,1,090,01,00,2022-07-22T01:39:29Z
821,09,01,03,090103,ACORIA,V Censo Nacional Economico,1,090,01,00,2022-07-22T01:39:29Z
870,09,04,13,090413,TICRAPO,V Censo Nacional Economico,1,090,01,00,2022-07-22T01:39:29Z
879,09,05,09,090509,SAN PEDRO DE CORIS,V Censo Nacional Economico,1,090,01,00,2022-07-22T01:39:29Z
880,09,05,10,090510,PACHAMARCA,V Censo Nacional Economico,1,090,01,00,2022-07-22T01:39:29Z
1435,15,10,05,151005,AZANGARO,V Censo Nacional Economico,1,150,17,00,2022-07-22T01:39:29Z
1436,15,10,06,151006,CACRA,V Censo Nacional Economico,1,150,17,00,2022-07-22T01:39:29Z
1396,15,07,16,150716,SAN ANTONIO,V Censo Nacional Economico,1,150,10,00,2022-07-22T01:39:29Z
1437,15,10,07,151007,CARANIA,V Censo Nacional Economico,1,150,17,00,2022-07-22T01:39:29Z
1438,15,10,08,151008,CATAHUASI,V Censo Nacional Economico,1,150,17,00,2022-07-22T01:39:29Z
1439,15,10,09,151009,CHOCOS,V Censo Nacional Economico,1,150,17,00,2022-07-22T01:39:29Z
1398,15,07,18,150718,SAN DAMIAN,V Censo Nacional Economico,1,150,10,00,2022-07-22T01:39:29Z
1400,15,07,20,150720,SAN JUAN DE TANTARANCHE,V Censo Nacional Economico,1,150,10,00,2022-07-22T01:39:29Z
1483,16,03,03,160303,TIGRE,V Censo Nacional Economico,1,160,01,00,2022-07-22T01:39:29Z
1484,16,03,04,160304,TROMPETEROS,V Censo Nacional Economico,1,160,01,00,2022-07-22T01:39:29Z
1485,16,03,05,160305,URARINAS,V Censo Nacional Economico,1,160,01,00,2022-07-22T01:39:29Z
1486,16,04,01,160401,RAMON CASTILLA,V Censo Nacional Economico,1,160,01,00,2022-07-22T01:39:29Z
1487,16,04,02,160402,PEBAS,V Censo Nacional Economico,1,160,01,00,2022-07-22T01:39:29Z
1488,16,04,03,160403,YAVARI,V Censo Nacional Economico,1,160,01,00,2022-07-22T01:39:29Z
1489,16,04,04,160404,SAN PABLO,V Censo Nacional Economico,1,160,01,00,2022-07-22T01:39:29Z
1490,16,05,01,160501,REQUENA,V Censo Nacional Economico,1,160,01,00,2022-07-22T01:39:29Z
1491,16,05,02,160502,ALTO TAPICHE,V Censo Nacional Economico,1,160,01,00,2022-07-22T01:39:29Z
1505,16,06,05,160605,SARAYACU,V Censo Nacional Economico,1,250,01,00,2022-07-22T01:39:29Z
1506,16,06,06,160606,VARGAS GUERRA,V Censo Nacional Economico,1,250,01,00,2022-07-22T01:39:29Z
1406,15,07,26,150726,SANGALLAYA,V Censo Nacional Economico,1,150,10,00,2022-07-22T01:39:29Z
1524,17,02,04,170204,HUEPETUHE,V Censo Nacional Economico,1,170,00,00,2022-07-22T01:39:29Z
1525,17,03,01,170301,IÑAPARI,V Censo Nacional Economico,1,170,00,00,2022-07-22T01:39:29Z
1411,15,07,31,150731,SANTO DOMINGO DE LOS OLLEROS,V Censo Nacional Economico,1,150,10,00,2022-07-22T01:39:29Z
1542,18,02,08,180208,PUQUINA,V Censo Nacional Economico,1,180,01,00,2022-07-22T01:39:29Z
1543,18,02,09,180209,QUINISTAQUILLAS,V Censo Nacional Economico,1,180,01,00,2022-07-22T01:39:29Z
1544,18,02,10,180210,UBINAS,V Censo Nacional Economico,1,180,01,00,2022-07-22T01:39:29Z
1413,15,08,01,150801,HUACHO,V Censo Nacional Economico,1,15A,01,00,2022-07-22T01:39:29Z
1428,15,09,04,150904,COCHAMARCA,V Censo Nacional Economico,1,15A,01,00,2022-07-22T01:39:29Z
1429,15,09,05,150905,NAVAN,V Censo Nacional Economico,1,15A,01,00,2022-07-22T01:39:29Z
1430,15,09,06,150906,PACHANGARA,V Censo Nacional Economico,1,15A,01,00,2022-07-22T01:39:29Z
1431,15,10,01,151001,YAUYOS,V Censo Nacional Economico,1,150,17,00,2022-07-22T01:39:29Z
1441,15,10,11,151011,COLONIA,V Censo Nacional Economico,1,150,17,00,2022-07-22T01:39:29Z
1442,15,10,12,151012,HONGOS,V Censo Nacional Economico,1,150,17,00,2022-07-22T01:39:29Z
1444,15,10,14,151014,HUANCAYA,V Censo Nacional Economico,1,150,17,00,2022-07-22T01:39:29Z
1446,15,10,16,151016,HUANTAN,V Censo Nacional Economico,1,150,17,00,2022-07-22T01:39:29Z
1448,15,10,18,151018,LARAOS,V Censo Nacional Economico,1,150,17,00,2022-07-22T01:39:29Z
1449,15,10,19,151019,LINCHA,V Censo Nacional Economico,1,150,17,00,2022-07-22T01:39:29Z
1450,15,10,20,151020,MADEAN,V Censo Nacional Economico,1,150,17,00,2022-07-22T01:39:29Z
1451,15,10,21,151021,MIRAFLORES,V Censo Nacional Economico,1,150,17,00,2022-07-22T01:39:29Z
1452,15,10,22,151022,OMAS,V Censo Nacional Economico,1,150,17,00,2022-07-22T01:39:29Z
1454,15,10,24,151024,QUINCHES,V Censo Nacional Economico,1,150,17,00,2022-07-22T01:39:29Z
1593,20,02,06,200206,PACAIPAMPA,V Censo Nacional Economico,1,200,03,00,2022-07-22T01:39:29Z
1608,20,04,03,200403,CHALACO,V Censo Nacional Economico,1,200,03,00,2022-07-22T01:39:29Z
1609,20,04,04,200404,LA MATANZA,V Censo Nacional Economico,1,200,03,00,2022-07-22T01:39:29Z
1610,20,04,05,200405,MORROPON,V Censo Nacional Economico,1,200,03,00,2022-07-22T01:39:29Z
1611,20,04,06,200406,SALITRAL,V Censo Nacional Economico,1,200,03,00,2022-07-22T01:39:29Z
1458,15,10,28,151028,TANTA,V Censo Nacional Economico,1,150,17,00,2022-07-22T01:39:29Z
1459,15,10,29,151029,TAURIPAMPA,V Censo Nacional Economico,1,150,17,00,2022-07-22T01:39:29Z
1460,15,10,30,151030,TOMAS,V Censo Nacional Economico,1,150,17,00,2022-07-22T01:39:29Z
1616,20,05,01,200501,PAITA,V Censo Nacional Economico,1,200,04,00,2022-07-22T01:39:29Z
1464,16,01,01,160101,IQUITOS,V Censo Nacional Economico,1,160,01,00,2022-07-22T01:39:29Z
1465,16,01,02,160102,ALTO NANAY,V Censo Nacional Economico,1,160,01,00,2022-07-22T01:39:29Z
1467,16,01,04,160104,INDIANA,V Censo Nacional Economico,1,160,01,00,2022-07-22T01:39:29Z
1493,16,05,04,160504,EMILIO SAN MARTIN,V Censo Nacional Economico,1,160,01,00,2022-07-22T01:39:29Z
1494,16,05,05,160505,MAQUIA,V Censo Nacional Economico,1,160,01,00,2022-07-22T01:39:29Z
1495,16,05,06,160506,PUINAHUA,V Censo Nacional Economico,1,160,01,00,2022-07-22T01:39:29Z
1532,18,01,05,180105,SAN CRISTOBAL,V Censo Nacional Economico,1,180,01,00,2022-07-22T01:39:29Z
1533,18,01,06,180106,TORATA,V Censo Nacional Economico,1,180,01,00,2022-07-22T01:39:29Z
1534,18,01,07,180107,SAN ANTONIO,V Censo Nacional Economico,1,180,01,00,2022-07-22T01:39:29Z
1535,18,02,01,180201,OMATE,V Censo Nacional Economico,1,180,01,00,2022-07-22T01:39:29Z
1536,18,02,02,180202,CHOJATA,V Censo Nacional Economico,1,180,01,00,2022-07-22T01:39:29Z
1538,18,02,04,180204,ICHUÑA,V Censo Nacional Economico,1,180,01,00,2022-07-22T01:39:29Z
1539,18,02,05,180205,LA CAPILLA,V Censo Nacional Economico,1,180,01,00,2022-07-22T01:39:29Z
1541,18,02,07,180207,MATALAQUE,V Censo Nacional Economico,1,180,01,00,2022-07-22T01:39:29Z
1546,18,03,01,180301,ILO,V Censo Nacional Economico,1,180,02,00,2022-07-22T01:39:29Z
1547,18,03,02,180302,EL ALGARROBAL,V Censo Nacional Economico,1,180,02,00,2022-07-22T01:39:29Z
1548,18,03,03,180303,PACOCHA,V Censo Nacional Economico,1,180,02,00,2022-07-22T01:39:29Z
1552,19,01,04,190104,HUAYLLAY,V Censo Nacional Economico,1,190,00,00,2022-07-22T01:39:29Z
1553,19,01,05,190105,NINACACA,V Censo Nacional Economico,1,190,00,00,2022-07-22T01:39:29Z
1555,19,01,07,190107,PAUCARTAMBO,V Censo Nacional Economico,1,190,00,00,2022-07-22T01:39:29Z
1556,19,01,08,190108,SAN FRANCISCO DE ASIS DE YARUSYACAN,V Censo Nacional Economico,1,190,00,00,2022-07-22T01:39:29Z
1557,19,01,09,190109,SIMON BOLIVAR,V Censo Nacional Economico,1,190,00,00,2022-07-22T01:39:29Z
1558,19,01,10,190110,TICLACAYAN,V Censo Nacional Economico,1,190,00,00,2022-07-22T01:39:29Z
1560,19,01,12,190112,VICCO,V Censo Nacional Economico,1,190,00,00,2022-07-22T01:39:29Z
1561,19,01,13,190113,YANACANCHA,V Censo Nacional Economico,1,190,00,00,2022-07-22T01:39:29Z
1562,19,02,01,190201,YANAHUANCA,V Censo Nacional Economico,1,190,00,00,2022-07-22T01:39:29Z
1563,19,02,02,190202,CHACAYAN,V Censo Nacional Economico,1,190,00,00,2022-07-22T01:39:29Z
1565,19,02,04,190204,PAUCAR,V Censo Nacional Economico,1,190,00,00,2022-07-22T01:39:29Z
1567,19,02,06,190206,SANTA ANA DE TUSI,V Censo Nacional Economico,1,190,00,00,2022-07-22T01:39:29Z
1652,21,01,10,210110,PAUCARCOLLA,V Censo Nacional Economico,1,210,01,00,2022-07-22T01:39:29Z
1653,21,01,11,210111,PICHACANI,V Censo Nacional Economico,1,210,01,00,2022-07-22T01:39:29Z
1669,21,02,12,210212,SAN JOSE,V Censo Nacional Economico,1,210,03,00,2022-07-22T01:39:29Z
1670,21,02,13,210213,SAN JUAN DE SALINAS,V Censo Nacional Economico,1,210,03,00,2022-07-22T01:39:29Z
1671,21,02,14,210214,SANTIAGO DE PUPUJA,V Censo Nacional Economico,1,210,03,00,2022-07-22T01:39:29Z
1672,21,02,15,210215,TIRAPATA,V Censo Nacional Economico,1,210,03,00,2022-07-22T01:39:29Z
1673,21,03,01,210301,MACUSANI,V Censo Nacional Economico,1,210,03,00,2022-07-22T01:39:29Z
1674,21,03,02,210302,AJOYANI,V Censo Nacional Economico,1,210,03,00,2022-07-22T01:39:29Z
1675,21,03,03,210303,AYAPATA,V Censo Nacional Economico,1,210,03,00,2022-07-22T01:39:29Z
1570,19,03,01,190301,OXAPAMPA,V Censo Nacional Economico,1,190,00,00,2022-07-22T01:39:29Z
1583,20,01,09,200109,LA ARENA,V Censo Nacional Economico,1,200,02,00,2022-07-22T01:39:29Z
1585,20,01,11,200111,LAS LOMAS,V Censo Nacional Economico,1,200,01,00,2022-07-22T01:39:29Z
1586,20,01,14,200114,TAMBO GRANDE,V Censo Nacional Economico,1,200,01,00,2022-07-22T01:39:29Z
1620,20,05,05,200505,LA HUACA,V Censo Nacional Economico,1,200,04,00,2022-07-22T01:39:29Z
1621,20,05,06,200506,TAMARINDO,V Censo Nacional Economico,1,200,04,00,2022-07-22T01:39:29Z
1623,20,06,01,200601,SULLANA,V Censo Nacional Economico,1,200,05,00,2022-07-22T01:39:29Z
1626,20,06,04,200604,LANCONES,V Censo Nacional Economico,1,200,05,00,2022-07-22T01:39:29Z
1627,20,06,05,200605,MARCAVELICA,V Censo Nacional Economico,1,200,05,00,2022-07-22T01:39:29Z
1629,20,06,07,200607,QUERECOTILLO,V Censo Nacional Economico,1,200,05,00,2022-07-22T01:39:29Z
1631,20,07,01,200701,PARIÑAS,V Censo Nacional Economico,1,200,06,00,2022-07-22T01:39:29Z
1633,20,07,03,200703,LA BREA,V Censo Nacional Economico,1,200,06,00,2022-07-22T01:39:29Z
1634,20,07,04,200704,LOBITOS,V Censo Nacional Economico,1,200,06,00,2022-07-22T01:39:29Z
1637,20,08,01,200801,SECHURA,V Censo Nacional Economico,1,200,02,00,2022-07-22T01:39:29Z
1237,13,09,06,130906,SANAGORAN,V Censo Nacional Economico,1,130,04,00,2022-07-22T01:39:29Z
1238,13,09,07,130907,SARIN,V Censo Nacional Economico,1,130,04,00,2022-07-22T01:39:29Z
1239,13,09,08,130908,SARTIMBAMBA,V Censo Nacional Economico,1,130,04,00,2022-07-22T01:39:29Z
1245,13,10,06,131006,QUIRUVILCA,V Censo Nacional Economico,1,130,04,00,2022-07-22T01:39:29Z
1032,11,03,03,110303,EL INGENIO,V Censo Nacional Economico,1,110,03,00,2022-07-22T01:39:29Z
1033,11,03,04,110304,MARCONA,V Censo Nacional Economico,1,110,03,00,2022-07-22T01:39:29Z
1034,11,03,05,110305,VISTA ALEGRE,V Censo Nacional Economico,1,110,03,00,2022-07-22T01:39:29Z
1035,11,04,01,110401,PALPA,V Censo Nacional Economico,1,110,03,00,2022-07-22T01:39:29Z
1036,11,04,02,110402,LLIPATA,V Censo Nacional Economico,1,110,03,00,2022-07-22T01:39:29Z
954,10,04,04,100404,PINRA,V Censo Nacional Economico,1,100,01,00,2022-07-22T01:39:29Z
955,10,05,01,100501,LLATA,V Censo Nacional Economico,1,100,01,00,2022-07-22T01:39:29Z
956,10,05,02,100502,ARANCAY,V Censo Nacional Economico,1,100,01,00,2022-07-22T01:39:29Z
957,10,05,03,100503,CHAVIN DE PARIARCA,V Censo Nacional Economico,1,100,01,00,2022-07-22T01:39:29Z
958,10,05,04,100504,JACAS GRANDE,V Censo Nacional Economico,1,100,01,00,2022-07-22T01:39:29Z
959,10,05,05,100505,JIRCAN,V Censo Nacional Economico,1,100,01,00,2022-07-22T01:39:29Z
960,10,05,06,100506,MIRAFLORES,V Censo Nacional Economico,1,100,01,00,2022-07-22T01:39:29Z
974,10,06,09,100609,PUEBLO NUEVO,V Censo Nacional Economico,1,100,02,00,2022-07-22T01:39:29Z
976,10,07,01,100701,HUACRACHUCO,V Censo Nacional Economico,1,100,01,00,2022-07-22T01:39:29Z
992,10,10,03,101003,JIVIA,V Censo Nacional Economico,1,100,01,00,2022-07-22T01:39:29Z
993,10,10,04,101004,QUEROPALCA,V Censo Nacional Economico,1,100,01,00,2022-07-22T01:39:29Z
994,10,10,05,101005,RONDOS,V Censo Nacional Economico,1,100,01,00,2022-07-22T01:39:29Z
995,10,10,06,101006,SAN FRANCISCO DE ASIS,V Censo Nacional Economico,1,100,01,00,2022-07-22T01:39:29Z
1640,20,08,04,200804,CRISTO NOS VALGA,V Censo Nacional Economico,1,200,02,00,2022-07-22T01:39:29Z
1643,21,01,01,210101,PUNO,V Censo Nacional Economico,1,210,01,00,2022-07-22T01:39:29Z
1646,21,01,04,210104,ATUNCOLLA,V Censo Nacional Economico,1,210,01,00,2022-07-22T01:39:29Z
1660,21,02,03,210203,ARAPA,V Censo Nacional Economico,1,210,03,00,2022-07-22T01:39:29Z
1685,21,04,03,210403,HUACULLANI,V Censo Nacional Economico,1,210,01,00,2022-07-22T01:39:29Z
1725,21,09,04,210904,TILALI,V Censo Nacional Economico,1,210,01,00,2022-07-22T01:39:29Z
1726,21,10,01,211001,PUTINA,V Censo Nacional Economico,1,210,03,00,2022-07-22T01:39:29Z
1727,21,10,02,211002,ANANEA,V Censo Nacional Economico,1,210,03,00,2022-07-22T01:39:29Z
1729,21,10,04,211004,QUILCAPUNCU,V Censo Nacional Economico,1,210,03,00,2022-07-22T01:39:29Z
1753,22,01,01,220101,MOYOBAMBA,V Censo Nacional Economico,1,22A,01,00,2022-07-22T01:39:29Z
1754,22,01,02,220102,CALZADA,V Censo Nacional Economico,1,22A,01,00,2022-07-22T01:39:29Z
1755,22,01,03,220103,HABANA,V Censo Nacional Economico,1,22A,01,00,2022-07-22T01:39:29Z
1756,22,01,04,220104,JEPELACIO,V Censo Nacional Economico,1,22A,01,00,2022-07-22T01:39:29Z
1757,22,01,05,220105,SORITOR,V Censo Nacional Economico,1,22A,01,00,2022-07-22T01:39:29Z
1758,22,01,06,220106,YANTALO,V Censo Nacional Economico,1,22A,01,00,2022-07-22T01:39:29Z
1770,22,04,01,220401,SAPOSOA,V Censo Nacional Economico,1,22B,02,00,2022-07-22T01:39:29Z
1771,22,04,02,220402,ALTO SAPOSOA,V Censo Nacional Economico,1,22B,02,00,2022-07-22T01:39:29Z
1777,22,05,02,220502,ALONSO DE ALVARADO,V Censo Nacional Economico,1,22A,01,00,2022-07-22T01:39:29Z
1778,22,05,03,220503,BARRANQUITA,V Censo Nacional Economico,1,22A,01,00,2022-07-22T01:39:29Z
1779,22,05,04,220504,CAYNARACHI,V Censo Nacional Economico,1,22A,01,00,2022-07-22T01:39:29Z
1780,22,05,05,220505,CUÑUMBUQUI,V Censo Nacional Economico,1,22A,01,00,2022-07-22T01:39:29Z
1785,22,05,10,220510,TABALOSOS,V Censo Nacional Economico,1,22A,01,00,2022-07-22T01:39:29Z
1786,22,05,11,220511,ZAPATERO,V Censo Nacional Economico,1,22A,01,00,2022-07-22T01:39:29Z
1787,22,06,01,220601,JUANJUI,V Censo Nacional Economico,1,22B,02,00,2022-07-22T01:39:29Z
1788,22,06,02,220602,CAMPANILLA,V Censo Nacional Economico,1,22B,02,00,2022-07-22T01:39:29Z
1789,22,06,03,220603,HUICUNGO,V Censo Nacional Economico,1,22B,02,00,2022-07-22T01:39:29Z
1790,22,06,04,220604,PACHIZA,V Censo Nacional Economico,1,22B,02,00,2022-07-22T01:39:29Z
1791,22,06,05,220605,PAJARILLO,V Censo Nacional Economico,1,22B,02,00,2022-07-22T01:39:29Z
1798,22,07,07,220707,SAN HILARION,V Censo Nacional Economico,1,22B,01,00,2022-07-22T01:39:29Z
1800,22,07,09,220709,TINGO DE PONASA,V Censo Nacional Economico,1,22B,01,00,2022-07-22T01:39:29Z
1802,22,08,01,220801,RIOJA,V Censo Nacional Economico,1,22A,02,00,2022-07-22T01:39:29Z
1803,22,08,02,220802,AWAJUN,V Censo Nacional Economico,1,22A,02,00,2022-07-22T01:39:29Z
1804,22,08,03,220803,ELIAS SOPLIN VARGAS,V Censo Nacional Economico,1,22A,02,00,2022-07-22T01:39:29Z
1805,22,08,04,220804,NUEVA CAJAMARCA,V Censo Nacional Economico,1,22A,02,00,2022-07-22T01:39:29Z
1806,22,08,05,220805,PARDO MIGUEL,V Censo Nacional Economico,1,22A,02,00,2022-07-22T01:39:29Z
1807,22,08,06,220806,POSIC,V Censo Nacional Economico,1,22A,02,00,2022-07-22T01:39:29Z
1810,22,08,09,220809,YURACYACU,V Censo Nacional Economico,1,22A,02,00,2022-07-22T01:39:29Z
1819,22,09,09,220909,LA BANDA DE SHILCAYO,V Censo Nacional Economico,1,22B,01,00,2022-07-22T01:39:29Z
1821,22,09,11,220911,PAPAPLAYA,V Censo Nacional Economico,1,22B,01,00,2022-07-22T01:39:29Z
1824,22,09,14,220914,SHAPAJA,V Censo Nacional Economico,1,22B,01,00,2022-07-22T01:39:29Z
1825,22,10,01,221001,TOCACHE,V Censo Nacional Economico,1,22B,02,00,2022-07-22T01:39:29Z
1826,22,10,02,221002,NUEVO PROGRESO,V Censo Nacional Economico,1,22B,02,00,2022-07-22T01:39:29Z
1827,22,10,03,221003,POLVORA,V Censo Nacional Economico,1,22B,02,00,2022-07-22T01:39:29Z
1828,22,10,04,221004,SHUNTE,V Censo Nacional Economico,1,22B,02,00,2022-07-22T01:39:29Z
1829,22,10,05,221005,UCHIZA,V Censo Nacional Economico,1,22B,02,00,2022-07-22T01:39:29Z
1830,22,10,06,221006,SANTA LUCIA,V Censo Nacional Economico,1,22B,02,00,2022-07-22T01:39:29Z
1831,23,01,01,230101,TACNA,V Censo Nacional Economico,1,230,01,00,2022-07-22T01:39:29Z
1832,23,01,02,230102,ALTO DE LA ALIANZA,V Censo Nacional Economico,1,230,01,00,2022-07-22T01:39:29Z
1834,23,01,04,230104,CIUDAD NUEVA,V Censo Nacional Economico,1,230,02,00,2022-07-22T01:39:29Z
1835,23,01,05,230105,INCLAN,V Censo Nacional Economico,1,230,01,00,2022-07-22T01:39:29Z
1836,23,01,06,230106,PACHIA,V Censo Nacional Economico,1,230,02,00,2022-07-22T01:39:29Z
1837,23,01,07,230107,PALCA,V Censo Nacional Economico,1,230,02,00,2022-07-22T01:39:29Z
1839,23,01,09,230109,SAMA,V Censo Nacional Economico,1,230,01,00,2022-07-22T01:39:29Z
1842,23,02,01,230201,CANDARAVE,V Censo Nacional Economico,1,230,02,00,2022-07-22T01:39:29Z
1848,23,03,01,230301,LOCUMBA,V Censo Nacional Economico,1,230,01,00,2022-07-22T01:39:29Z
1849,23,03,02,230302,ILABAYA,V Censo Nacional Economico,1,230,01,00,2022-07-22T01:39:29Z
1850,23,03,03,230303,ITE,V Censo Nacional Economico,1,230,01,00,2022-07-22T01:39:29Z
1851,23,04,01,230401,TARATA,V Censo Nacional Economico,1,230,02,00,2022-07-22T01:39:29Z
1852,23,04,02,230402,HEROES ALBARRACIN,V Censo Nacional Economico,1,230,02,00,2022-07-22T01:39:29Z
1853,23,04,03,230403,ESTIQUE,V Censo Nacional Economico,1,230,02,00,2022-07-22T01:39:29Z
1854,23,04,04,230404,ESTIQUE-PAMPA,V Censo Nacional Economico,1,230,02,00,2022-07-22T01:39:29Z
1855,23,04,05,230405,SITAJARA,V Censo Nacional Economico,1,230,02,00,2022-07-22T01:39:29Z
1856,23,04,06,230406,SUSAPAYA,V Censo Nacional Economico,1,230,02,00,2022-07-22T01:39:29Z
1857,23,04,07,230407,TARUCACHI,V Censo Nacional Economico,1,230,02,00,2022-07-22T01:39:29Z
1858,23,04,08,230408,TICACO,V Censo Nacional Economico,1,230,02,00,2022-07-22T01:39:29Z
1859,24,01,01,240101,TUMBES,V Censo Nacional Economico,1,240,00,00,2022-07-22T01:39:29Z
1862,24,01,04,240104,PAMPAS DE HOSPITAL,V Censo Nacional Economico,1,240,00,00,2022-07-22T01:39:29Z
1863,24,01,05,240105,SAN JACINTO,V Censo Nacional Economico,1,240,00,00,2022-07-22T01:39:29Z
1864,24,01,06,240106,SAN JUAN DE LA VIRGEN,V Censo Nacional Economico,1,240,00,00,2022-07-22T01:39:29Z
1865,24,02,01,240201,ZORRITOS,V Censo Nacional Economico,1,240,00,00,2022-07-22T01:39:29Z
1866,24,02,02,240202,CASITAS,V Censo Nacional Economico,1,240,00,00,2022-07-22T01:39:29Z
1867,24,02,03,240203,CANOAS DE PUNTA SAL,V Censo Nacional Economico,1,240,00,00,2022-07-22T01:39:29Z
1869,24,03,02,240302,AGUAS VERDES,V Censo Nacional Economico,1,240,00,00,2022-07-22T01:39:29Z
1870,24,03,03,240303,MATAPALO,V Censo Nacional Economico,1,240,00,00,2022-07-22T01:39:29Z
2,01,01,02,010102,ASUNCION,V Censo Nacional Economico,1,010,01,00,2022-07-22T01:39:29Z
3,01,01,03,010103,BALSAS,V Censo Nacional Economico,1,010,01,00,2022-07-22T01:39:29Z
1294,15,01,02,150102,ANCON,V Censo Nacional Economico,1,150,01,00,2022-07-22T01:39:29Z
1295,15,01,03,150103,ATE,V Censo Nacional Economico,1,150,11,10,2022-07-22T01:39:29Z
1339,15,02,04,150204,SUPE,V Censo Nacional Economico,1,15A,01,00,2022-07-22T01:39:29Z
1342,15,03,02,150302,COPA,V Censo Nacional Economico,1,15A,01,00,2022-07-22T01:39:29Z
1343,15,03,03,150303,GORGOR,V Censo Nacional Economico,1,15A,01,00,2022-07-22T01:39:29Z
1344,15,03,04,150304,HUANCAPON,V Censo Nacional Economico,1,15A,01,00,2022-07-22T01:39:29Z
1345,15,03,05,150305,MANAS,V Censo Nacional Economico,1,15A,01,00,2022-07-22T01:39:29Z
1309,15,01,17,150117,LOS OLIVOS,V Censo Nacional Economico,1,150,03,04,2022-07-22T01:39:29Z
1075,12,01,36,120136,VIQUES,V Censo Nacional Economico,1,120,01,00,2022-07-22T01:39:29Z
1122,12,04,26,120426,POMACANCHA,V Censo Nacional Economico,1,120,02,00,2022-07-22T01:39:29Z
1171,12,09,09,120909,YANACANCHA,V Censo Nacional Economico,1,120,02,00,2022-07-22T01:39:29Z
1875,25,01,04,250104,MASISEA,V Censo Nacional Economico,1,250,01,00,2022-07-22T01:39:29Z
1147,12,07,04,120704,HUASAHUASI,V Censo Nacional Economico,1,120,03,00,2022-07-22T01:39:29Z
1881,25,02,03,250203,TAHUANIA,V Censo Nacional Economico,1,250,01,00,2022-07-22T01:39:29Z
1882,25,02,04,250204,YURUA,V Censo Nacional Economico,1,250,01,00,2022-07-22T01:39:29Z
1883,25,03,01,250301,PADRE ABAD,V Censo Nacional Economico,1,250,01,00,2022-07-22T01:39:29Z
1884,25,03,02,250302,IRAZOLA,V Censo Nacional Economico,1,250,01,00,2022-07-22T01:39:29Z
1156,12,08,04,120804,MARCAPOMACOCHA,V Censo Nacional Economico,1,120,02,00,2022-07-22T01:39:29Z
1157,12,08,05,120805,MOROCOCHA,V Censo Nacional Economico,1,120,02,00,2022-07-22T01:39:29Z
1158,12,08,06,120806,PACCHA,V Censo Nacional Economico,1,120,02,00,2022-07-22T01:39:29Z
1090,12,02,15,120215,SANTA ROSA DE OCOPA,V Censo Nacional Economico,1,120,02,00,2022-07-22T01:39:29Z
1092,12,03,02,120302,PERENE,V Censo Nacional Economico,1,120,03,00,2022-07-22T01:39:29Z
1093,12,03,03,120303,PICHANAQUI,V Censo Nacional Economico,1,120,03,00,2022-07-22T01:39:29Z
1094,12,03,04,120304,SAN LUIS DE SHUARO,V Censo Nacional Economico,1,120,03,00,2022-07-22T01:39:29Z
1325,15,01,33,150133,SAN JUAN DE MIRAFLORES,V Censo Nacional Economico,1,150,13,13,2022-07-22T01:39:29Z
1374,15,06,06,150606,IHUARI,V Censo Nacional Economico,1,15A,01,00,2022-07-22T01:39:29Z
1337,15,02,02,150202,PARAMONGA,V Censo Nacional Economico,1,15A,01,00,2022-07-22T01:39:29Z
1386,15,07,06,150706,CUENCA,V Censo Nacional Economico,1,150,10,00,2022-07-22T01:39:29Z
1408,15,07,28,150728,SANTA EULALIA,V Censo Nacional Economico,1,150,10,00,2022-07-22T01:39:29Z
1409,15,07,29,150729,SANTIAGO DE ANCHUCAYA,V Censo Nacional Economico,1,150,10,00,2022-07-22T01:39:29Z
1372,15,06,04,150604,AUCALLAMA,V Censo Nacional Economico,1,15A,01,00,2022-07-22T01:39:29Z
1418,15,08,06,150806,HUAURA,V Censo Nacional Economico,1,15A,01,00,2022-07-22T01:39:29Z
1419,15,08,07,150807,LEONCIO PRADO,V Censo Nacional Economico,1,15A,01,00,2022-07-22T01:39:29Z
1420,15,08,08,150808,PACCHO,V Censo Nacional Economico,1,15A,01,00,2022-07-22T01:39:29Z
1421,15,08,09,150809,SANTA LEONOR,V Censo Nacional Economico,1,15A,01,00,2022-07-22T01:39:29Z
1422,15,08,10,150810,SANTA MARIA,V Censo Nacional Economico,1,15A,01,00,2022-07-22T01:39:29Z
1401,15,07,21,150721,SAN LORENZO DE QUINTI,V Censo Nacional Economico,1,150,10,00,2022-07-22T01:39:29Z
1402,15,07,22,150722,SAN MATEO,V Censo Nacional Economico,1,150,10,00,2022-07-22T01:39:29Z
1472,16,01,10,160110,TORRES CAUSANA,V Censo Nacional Economico,1,160,01,00,2022-07-22T01:39:29Z
1473,16,01,12,160112,BELEN,V Censo Nacional Economico,1,160,01,00,2022-07-22T01:39:29Z
1507,16,07,01,160701,BARRANCA,V Censo Nacional Economico,1,22B,03,00,2022-07-22T01:39:29Z
1508,16,07,02,160702,CAHUAPANAS,V Censo Nacional Economico,1,22B,03,00,2022-07-22T01:39:29Z
1509,16,07,03,160703,MANSERICHE,V Censo Nacional Economico,1,22B,03,00,2022-07-22T01:39:29Z
1510,16,07,04,160704,MORONA,V Censo Nacional Economico,1,22B,03,00,2022-07-22T01:39:29Z
1511,16,07,05,160705,PASTAZA,V Censo Nacional Economico,1,22B,03,00,2022-07-22T01:39:29Z
1512,16,07,06,160706,ANDOAS,V Censo Nacional Economico,1,160,01,00,2022-07-22T01:39:29Z
1526,17,03,02,170302,IBERIA,V Censo Nacional Economico,1,170,00,00,2022-07-22T01:39:29Z
1527,17,03,03,170303,TAHUAMANU,V Censo Nacional Economico,1,170,00,00,2022-07-22T01:39:29Z
1528,18,01,01,180101,MOQUEGUA,V Censo Nacional Economico,1,180,01,00,2022-07-22T01:39:29Z
1529,18,01,02,180102,CARUMAS,V Censo Nacional Economico,1,180,01,00,2022-07-22T01:39:29Z
1588,20,02,01,200201,AYABACA,V Censo Nacional Economico,1,200,01,00,2022-07-22T01:39:29Z
1589,20,02,02,200202,FRIAS,V Censo Nacional Economico,1,200,03,00,2022-07-22T01:39:29Z
1590,20,02,03,200203,JILILI,V Censo Nacional Economico,1,200,01,00,2022-07-22T01:39:29Z
1594,20,02,07,200207,PAIMAS,V Censo Nacional Economico,1,200,01,00,2022-07-22T01:39:29Z
1595,20,02,08,200208,SAPILLICA,V Censo Nacional Economico,1,200,01,00,2022-07-22T01:39:29Z
1596,20,02,09,200209,SICCHEZ,V Censo Nacional Economico,1,200,01,00,2022-07-22T01:39:29Z
1461,15,10,31,151031,TUPE,V Censo Nacional Economico,1,150,17,00,2022-07-22T01:39:29Z
1462,15,10,32,151032,VIÑAC,V Censo Nacional Economico,1,150,17,00,2022-07-22T01:39:29Z
1613,20,04,08,200408,SANTA CATALINA DE MOSSA,V Censo Nacional Economico,1,200,03,00,2022-07-22T01:39:29Z
1614,20,04,09,200409,SANTO DOMINGO,V Censo Nacional Economico,1,200,03,00,2022-07-22T01:39:29Z
1615,20,04,10,200410,YAMANGO,V Censo Nacional Economico,1,200,03,00,2022-07-22T01:39:29Z
1617,20,05,02,200502,AMOTAPE,V Censo Nacional Economico,1,200,04,00,2022-07-22T01:39:29Z
1468,16,01,05,160105,LAS AMAZONAS,V Censo Nacional Economico,1,160,01,00,2022-07-22T01:39:29Z
1469,16,01,06,160106,MAZAN,V Censo Nacional Economico,1,160,01,00,2022-07-22T01:39:29Z
1497,16,05,08,160508,SOPLIN,V Censo Nacional Economico,1,160,01,00,2022-07-22T01:39:29Z
1550,19,01,02,190102,HUACHON,V Censo Nacional Economico,1,190,00,00,2022-07-22T01:39:29Z
1654,21,01,12,210112,PLATERIA,V Censo Nacional Economico,1,210,01,00,2022-07-22T01:39:29Z
1655,21,01,13,210113,SAN ANTONIO,V Censo Nacional Economico,1,210,01,00,2022-07-22T01:39:29Z
1656,21,01,14,210114,TIQUILLACA,V Censo Nacional Economico,1,210,01,00,2022-07-22T01:39:29Z
1657,21,01,15,210115,VILQUE,V Censo Nacional Economico,1,210,01,00,2022-07-22T01:39:29Z
1658,21,02,01,210201,AZANGARO,V Censo Nacional Economico,1,210,03,00,2022-07-22T01:39:29Z
1676,21,03,04,210304,COASA,V Censo Nacional Economico,1,210,03,00,2022-07-22T01:39:29Z
1677,21,03,05,210305,CORANI,V Censo Nacional Economico,1,210,03,00,2022-07-22T01:39:29Z
1678,21,03,06,210306,CRUCERO,V Censo Nacional Economico,1,210,03,00,2022-07-22T01:39:29Z
1679,21,03,07,210307,ITUATA,V Censo Nacional Economico,1,210,03,00,2022-07-22T01:39:29Z
1680,21,03,08,210308,OLLACHEA,V Censo Nacional Economico,1,210,03,00,2022-07-22T01:39:29Z
1681,21,03,09,210309,SAN GABAN,V Censo Nacional Economico,1,210,03,00,2022-07-22T01:39:29Z
1682,21,03,10,210310,USICAYOS,V Censo Nacional Economico,1,210,03,00,2022-07-22T01:39:29Z
1683,21,04,01,210401,JULI,V Censo Nacional Economico,1,210,01,00,2022-07-22T01:39:29Z
1571,19,03,02,190302,CHONTABAMBA,V Censo Nacional Economico,1,190,00,00,2022-07-22T01:39:29Z
1572,19,03,03,190303,HUANCABAMBA,V Censo Nacional Economico,1,190,00,00,2022-07-22T01:39:29Z
1573,19,03,04,190304,PALCAZU,V Censo Nacional Economico,1,190,00,00,2022-07-22T01:39:29Z
1579,20,01,04,200104,CASTILLA,V Censo Nacional Economico,1,200,02,00,2022-07-22T01:39:29Z
1698,21,06,04,210604,INCHUPALLA,V Censo Nacional Economico,1,210,01,00,2022-07-22T01:39:29Z
1644,21,01,02,210102,ACORA,V Censo Nacional Economico,1,210,01,00,2022-07-22T01:39:29Z
1707,21,07,05,210705,OCUVIRI,V Censo Nacional Economico,1,210,03,00,2022-07-22T01:39:29Z
1708,21,07,06,210706,PALCA,V Censo Nacional Economico,1,210,03,00,2022-07-22T01:39:29Z
1709,21,07,07,210707,PARATIA,V Censo Nacional Economico,1,210,03,00,2022-07-22T01:39:29Z
1647,21,01,05,210105,CAPACHICA,V Censo Nacional Economico,1,210,01,00,2022-07-22T01:39:29Z
1648,21,01,06,210106,CHUCUITO,V Censo Nacional Economico,1,210,01,00,2022-07-22T01:39:29Z
1661,21,02,04,210204,ASILLO,V Censo Nacional Economico,1,210,03,00,2022-07-22T01:39:29Z
1662,21,02,05,210205,CAMINACA,V Censo Nacional Economico,1,210,03,00,2022-07-22T01:39:29Z
1663,21,02,06,210206,CHUPA,V Censo Nacional Economico,1,210,03,00,2022-07-22T01:39:29Z
1686,21,04,04,210404,KELLUYO,V Censo Nacional Economico,1,210,01,00,2022-07-22T01:39:29Z
1687,21,04,05,210405,PISACOMA,V Censo Nacional Economico,1,210,01,00,2022-07-22T01:39:29Z
1688,21,04,06,210406,POMATA,V Censo Nacional Economico,1,210,01,00,2022-07-22T01:39:29Z
1730,21,10,05,211005,SINA,V Censo Nacional Economico,1,210,03,00,2022-07-22T01:39:29Z
1731,21,11,01,211101,JULIACA,V Censo Nacional Economico,1,210,02,00,2022-07-22T01:39:29Z
1760,22,02,02,220202,ALTO BIAVO,V Censo Nacional Economico,1,22B,01,00,2022-07-22T01:39:29Z
1761,22,02,03,220203,BAJO BIAVO,V Censo Nacional Economico,1,22B,01,00,2022-07-22T01:39:29Z
1762,22,02,04,220204,HUALLAGA,V Censo Nacional Economico,1,22B,01,00,2022-07-22T01:39:29Z
1763,22,02,05,220205,SAN PABLO,V Censo Nacional Economico,1,22B,01,00,2022-07-22T01:39:29Z
1767,22,03,03,220303,SAN MARTIN,V Censo Nacional Economico,1,22A,01,00,2022-07-22T01:39:29Z
1808,22,08,07,220807,SAN FERNANDO,V Censo Nacional Economico,1,22A,02,00,2022-07-22T01:39:29Z
1211,13,06,11,130611,SALPO,V Censo Nacional Economico,1,130,02,00,2022-07-22T01:39:29Z
1220,13,08,02,130802,BULDIBUYO,V Censo Nacional Economico,1,130,04,00,2022-07-22T01:39:29Z
1221,13,08,03,130803,CHILLIA,V Censo Nacional Economico,1,130,04,00,2022-07-22T01:39:29Z
1222,13,08,04,130804,HUANCASPATA,V Censo Nacional Economico,1,130,04,00,2022-07-22T01:39:29Z
1223,13,08,05,130805,HUAYLILLAS,V Censo Nacional Economico,1,130,04,00,2022-07-22T01:39:29Z
1224,13,08,06,130806,HUAYO,V Censo Nacional Economico,1,130,04,00,2022-07-22T01:39:29Z
1225,13,08,07,130807,ONGON,V Censo Nacional Economico,1,130,04,00,2022-07-22T01:39:29Z
1226,13,08,08,130808,PARCOY,V Censo Nacional Economico,1,130,04,00,2022-07-22T01:39:29Z
1227,13,08,09,130809,PATAZ,V Censo Nacional Economico,1,130,04,00,2022-07-22T01:39:29Z
1228,13,08,10,130810,PIAS,V Censo Nacional Economico,1,130,04,00,2022-07-22T01:39:29Z
1229,13,08,11,130811,SANTIAGO DE CHALLAS,V Censo Nacional Economico,1,130,04,00,2022-07-22T01:39:29Z
1240,13,10,01,131001,SANTIAGO DE CHUCO,V Censo Nacional Economico,1,130,04,00,2022-07-22T01:39:29Z
1263,14,01,09,140109,NUEVA ARICA,V Censo Nacional Economico,1,140,02,00,2022-07-22T01:39:29Z
1264,14,01,10,140110,OYOTUN,V Censo Nacional Economico,1,140,02,00,2022-07-22T01:39:29Z
1276,14,02,02,140202,CAÑARIS,V Censo Nacional Economico,1,140,01,00,2022-07-22T01:39:29Z
1314,15,01,22,150122,MIRAFLORES,V Censo Nacional Economico,1,150,08,00,2022-07-22T01:39:29Z
1346,15,04,01,150401,CANTA,V Censo Nacional Economico,1,150,02,01,2022-07-22T01:39:29Z
1310,15,01,18,150118,LURIGANCHO,V Censo Nacional Economico,1,150,10,00,2022-07-22T01:39:29Z
1311,15,01,19,150119,LURIN,V Censo Nacional Economico,1,150,16,00,2022-07-22T01:39:29Z
1353,15,05,01,150501,SAN VICENTE DE CAÑETE,V Censo Nacional Economico,1,150,17,00,2022-07-22T01:39:29Z
1823,22,09,13,220913,SAUCE,V Censo Nacional Economico,1,22B,01,00,2022-07-22T01:39:29Z
1843,23,02,02,230202,CAIRANI,V Censo Nacional Economico,1,230,02,00,2022-07-22T01:39:29Z
1844,23,02,03,230203,CAMILACA,V Censo Nacional Economico,1,230,02,00,2022-07-22T01:39:29Z
1330,15,01,38,150138,SANTA MARIA DEL MAR,V Censo Nacional Economico,1,150,16,00,2022-07-22T01:39:29Z
1348,15,04,03,150403,HUAMANTANGA,V Censo Nacional Economico,1,150,02,01,2022-07-22T01:39:29Z
1349,15,04,04,150404,HUAROS,V Censo Nacional Economico,1,150,02,01,2022-07-22T01:39:29Z
1373,15,06,05,150605,CHANCAY,V Censo Nacional Economico,1,15A,01,00,2022-07-22T01:39:29Z
1423,15,08,11,150811,SAYAN,V Censo Nacional Economico,1,15A,01,00,2022-07-22T01:39:29Z
1474,16,01,13,160113,SAN JUAN BAUTISTA,V Censo Nacional Economico,1,160,01,00,2022-07-22T01:39:29Z
1475,16,02,01,160201,YURIMAGUAS,V Censo Nacional Economico,1,22B,03,00,2022-07-22T01:39:29Z
1476,16,02,02,160202,BALSAPUERTO,V Censo Nacional Economico,1,22B,03,00,2022-07-22T01:39:29Z
1477,16,02,05,160205,JEBEROS,V Censo Nacional Economico,1,22B,03,00,2022-07-22T01:39:29Z
1478,16,02,06,160206,LAGUNAS,V Censo Nacional Economico,1,22B,03,00,2022-07-22T01:39:29Z
1479,16,02,10,160210,SANTA CRUZ,V Censo Nacional Economico,1,22B,03,00,2022-07-22T01:39:29Z
1480,16,02,11,160211,TENIENTE CESAR LOPEZ ROJAS,V Censo Nacional Economico,1,22B,03,00,2022-07-22T01:39:29Z
1481,16,03,01,160301,NAUTA,V Censo Nacional Economico,1,160,01,00,2022-07-22T01:39:29Z
1482,16,03,02,160302,PARINARI,V Censo Nacional Economico,1,160,01,00,2022-07-22T01:39:29Z
1513,16,08,01,160801,PUTUMAYO,V Censo Nacional Economico,1,160,01,00,2022-07-22T01:39:29Z
1514,16,08,02,160802,ROSA PANDURO,V Censo Nacional Economico,1,160,01,00,2022-07-22T01:39:29Z
1515,16,08,03,160803,TENIENTE MANUEL CLAVERO,V Censo Nacional Economico,1,160,01,00,2022-07-22T01:39:29Z
1516,16,08,04,160804,YAGUAS,V Censo Nacional Economico,1,160,01,00,2022-07-22T01:39:29Z
1517,17,01,01,170101,TAMBOPATA,V Censo Nacional Economico,1,170,00,00,2022-07-22T01:39:29Z
1518,17,01,02,170102,INAMBARI,V Censo Nacional Economico,1,170,00,00,2022-07-22T01:39:29Z
1519,17,01,03,170103,LAS PIEDRAS,V Censo Nacional Economico,1,170,00,00,2022-07-22T01:39:29Z
1520,17,01,04,170104,LABERINTO,V Censo Nacional Economico,1,170,00,00,2022-07-22T01:39:29Z
1521,17,02,01,170201,MANU,V Censo Nacional Economico,1,080,01,00,2022-07-22T01:39:29Z
1522,17,02,02,170202,FITZCARRALD,V Censo Nacional Economico,1,080,01,00,2022-07-22T01:39:29Z
1523,17,02,03,170203,MADRE DE DIOS,V Censo Nacional Economico,1,170,00,00,2022-07-22T01:39:29Z
1577,19,03,08,190308,CONSTITUCION,V Censo Nacional Economico,1,190,00,00,2022-07-22T01:39:29Z
1591,20,02,04,200204,LAGUNAS,V Censo Nacional Economico,1,200,01,00,2022-07-22T01:39:29Z
1592,20,02,05,200205,MONTERO,V Censo Nacional Economico,1,200,01,00,2022-07-22T01:39:29Z
1597,20,02,10,200210,SUYO,V Censo Nacional Economico,1,200,01,00,2022-07-22T01:39:29Z
1598,20,03,01,200301,HUANCABAMBA,V Censo Nacional Economico,1,200,03,00,2022-07-22T01:39:29Z
1599,20,03,02,200302,CANCHAQUE,V Censo Nacional Economico,1,200,03,00,2022-07-22T01:39:29Z
1600,20,03,03,200303,EL CARMEN DE LA FRONTERA,V Censo Nacional Economico,1,200,03,00,2022-07-22T01:39:29Z
1601,20,03,04,200304,HUARMACA,V Censo Nacional Economico,1,200,03,00,2022-07-22T01:39:29Z
1602,20,03,05,200305,LALAQUIZ,V Censo Nacional Economico,1,200,03,00,2022-07-22T01:39:29Z
1603,20,03,06,200306,SAN MIGUEL DE EL FAIQUE,V Censo Nacional Economico,1,200,03,00,2022-07-22T01:39:29Z
1604,20,03,07,200307,SONDOR,V Censo Nacional Economico,1,200,03,00,2022-07-22T01:39:29Z
1605,20,03,08,200308,SONDORILLO,V Censo Nacional Economico,1,200,03,00,2022-07-22T01:39:29Z
1470,16,01,07,160107,NAPO,V Censo Nacional Economico,1,160,01,00,2022-07-22T01:39:29Z
1498,16,05,09,160509,TAPICHE,V Censo Nacional Economico,1,160,01,00,2022-07-22T01:39:29Z
1499,16,05,10,160510,JENARO HERRERA,V Censo Nacional Economico,1,160,01,00,2022-07-22T01:39:29Z
1500,16,05,11,160511,YAQUERANA,V Censo Nacional Economico,1,160,01,00,2022-07-22T01:39:29Z
1501,16,06,01,160601,CONTAMANA,V Censo Nacional Economico,1,250,01,00,2022-07-22T01:39:29Z
1574,19,03,05,190305,POZUZO,V Censo Nacional Economico,1,190,00,00,2022-07-22T01:39:29Z
1575,19,03,06,190306,PUERTO BERMUDEZ,V Censo Nacional Economico,1,190,00,00,2022-07-22T01:39:29Z
1576,19,03,07,190307,VILLA RICA,V Censo Nacional Economico,1,190,00,00,2022-07-22T01:39:29Z
1781,22,05,06,220506,PINTO RECODO,V Censo Nacional Economico,1,22A,01,00,2022-07-22T01:39:29Z
1580,20,01,05,200105,CATACAOS,V Censo Nacional Economico,1,200,02,00,2022-07-22T01:39:29Z
1696,21,06,02,210602,COJATA,V Censo Nacional Economico,1,210,01,00,2022-07-22T01:39:29Z
1699,21,06,05,210605,PUSI,V Censo Nacional Economico,1,210,01,00,2022-07-22T01:39:29Z
1700,21,06,06,210606,ROSASPATA,V Censo Nacional Economico,1,210,01,00,2022-07-22T01:39:29Z
1701,21,06,07,210607,TARACO,V Censo Nacional Economico,1,210,01,00,2022-07-22T01:39:29Z
1649,21,01,07,210107,COATA,V Censo Nacional Economico,1,210,01,00,2022-07-22T01:39:29Z
1710,21,07,08,210708,PUCARA,V Censo Nacional Economico,1,210,03,00,2022-07-22T01:39:29Z
1711,21,07,09,210709,SANTA LUCIA,V Censo Nacional Economico,1,210,03,00,2022-07-22T01:39:29Z
1664,21,02,07,210207,JOSE DOMINGO CHOQUEHUANCA,V Censo Nacional Economico,1,210,03,00,2022-07-22T01:39:29Z
1665,21,02,08,210208,MUÑANI,V Censo Nacional Economico,1,210,03,00,2022-07-22T01:39:29Z
1666,21,02,09,210209,POTONI,V Censo Nacional Economico,1,210,03,00,2022-07-22T01:39:29Z
1667,21,02,10,210210,SAMAN,V Censo Nacional Economico,1,210,03,00,2022-07-22T01:39:29Z
1668,21,02,11,210211,SAN ANTON,V Censo Nacional Economico,1,210,03,00,2022-07-22T01:39:29Z
1689,21,04,07,210407,ZEPITA,V Censo Nacional Economico,1,210,01,00,2022-07-22T01:39:29Z
1690,21,05,01,210501,ILAVE,V Censo Nacional Economico,1,210,01,00,2022-07-22T01:39:29Z
1691,21,05,02,210502,CAPAZO,V Censo Nacional Economico,1,210,01,00,2022-07-22T01:39:29Z
1692,21,05,03,210503,PILCUYO,V Censo Nacional Economico,1,210,01,00,2022-07-22T01:39:29Z
1693,21,05,04,210504,SANTA ROSA,V Censo Nacional Economico,1,210,01,00,2022-07-22T01:39:29Z
1694,21,05,05,210505,CONDURIRI,V Censo Nacional Economico,1,210,01,00,2022-07-22T01:39:29Z
1695,21,06,01,210601,HUANCANE,V Censo Nacional Economico,1,210,01,00,2022-07-22T01:39:29Z
1783,22,05,08,220508,SAN ROQUE DE CUMBAZA,V Censo Nacional Economico,1,22A,01,00,2022-07-22T01:39:29Z
1764,22,02,06,220206,SAN RAFAEL,V Censo Nacional Economico,1,22B,01,00,2022-07-22T01:39:29Z
1765,22,03,01,220301,SAN JOSE DE SISA,V Censo Nacional Economico,1,22A,01,00,2022-07-22T01:39:29Z
1820,22,09,10,220910,MORALES,V Censo Nacional Economico,1,22B,01,00,2022-07-22T01:39:29Z
1880,25,02,02,250202,SEPAHUA,V Censo Nacional Economico,1,250,01,00,2022-07-22T01:39:29Z
192,02,14,04,021404,CARHUAPAMPA,V Censo Nacional Economico,1,02A,01,00,2022-07-22T01:39:29Z
949,10,03,22,100322,SILLAPATA,V Censo Nacional Economico,1,100,01,00,2022-07-22T01:39:29Z
1426,15,09,02,150902,ANDAJES,V Censo Nacional Economico,1,15A,01,00,2022-07-22T01:39:29Z
1776,22,05,01,220501,LAMAS,V Censo Nacional Economico,1,22A,01,00,2022-07-22T01:39:29Z
30,01,03,03,010303,CHURUJA,V Censo Nacional Economico,1,010,01,00,2022-07-22T01:39:29Z
1812,22,09,02,220902,ALBERTO LEVEAU,V Censo Nacional Economico,1,22B,01,00,2022-07-22T01:39:29Z
4,01,01,04,010104,CHETO,V Censo Nacional Economico,1,010,01,00,2022-07-22T01:39:29Z
5,01,01,05,010105,CHILIQUIN,V Censo Nacional Economico,1,010,01,00,2022-07-22T01:39:29Z
25,01,02,04,010204,EL PARCO,V Censo Nacional Economico,1,010,02,00,2022-07-22T01:39:29Z
7,01,01,07,010107,GRANADA,V Censo Nacional Economico,1,010,01,00,2022-07-22T01:39:29Z
8,01,01,08,010108,HUANCAS,V Censo Nacional Economico,1,010,01,00,2022-07-22T01:39:29Z
1713,21,08,01,210801,AYAVIRI,V Censo Nacional Economico,1,210,03,00,2022-07-22T01:39:29Z
1714,21,08,02,210802,ANTAUTA,V Censo Nacional Economico,1,210,03,00,2022-07-22T01:39:29Z
9,01,01,09,010109,LA JALCA,V Censo Nacional Economico,1,010,01,00,2022-07-22T01:39:29Z
1715,21,08,03,210803,CUPI,V Censo Nacional Economico,1,210,03,00,2022-07-22T01:39:29Z
1716,21,08,04,210804,LLALLI,V Censo Nacional Economico,1,210,03,00,2022-07-22T01:39:29Z
13,01,01,13,010113,MARISCAL CASTILLA,V Censo Nacional Economico,1,010,01,00,2022-07-22T01:39:29Z
111,02,05,02,020502,ABELARDO PARDO LEZAMETA,V Censo Nacional Economico,1,02A,01,00,2022-07-22T01:39:29Z
468,05,03,02,050302,CARAPO,V Censo Nacional Economico,1,050,01,00,2022-07-22T01:39:29Z
15,01,01,15,010115,MONTEVIDEO,V Censo Nacional Economico,1,010,01,00,2022-07-22T01:39:29Z
469,05,03,03,050303,SACSAMARCA,V Censo Nacional Economico,1,050,01,00,2022-07-22T01:39:29Z
17,01,01,17,010117,QUINJALCA,V Censo Nacional Economico,1,010,01,00,2022-07-22T01:39:29Z
1720,21,08,08,210808,SANTA ROSA,V Censo Nacional Economico,1,210,03,00,2022-07-22T01:39:29Z
1721,21,08,09,210809,UMACHIRI,V Censo Nacional Economico,1,210,03,00,2022-07-22T01:39:29Z
1722,21,09,01,210901,MOHO,V Censo Nacional Economico,1,210,01,00,2022-07-22T01:39:29Z
18,01,01,18,010118,SAN FRANCISCO DE DAGUAS,V Censo Nacional Economico,1,010,01,00,2022-07-22T01:39:29Z
20,01,01,20,010120,SOLOCO,V Censo Nacional Economico,1,010,01,00,2022-07-22T01:39:29Z
22,01,02,01,010201,BAGUA,V Censo Nacional Economico,1,010,02,00,2022-07-22T01:39:29Z
23,01,02,02,010202,ARAMANGO,V Censo Nacional Economico,1,010,02,00,2022-07-22T01:39:29Z
24,01,02,03,010203,COPALLIN,V Censo Nacional Economico,1,010,02,00,2022-07-22T01:39:29Z
1732,21,11,02,211102,CABANA,V Censo Nacional Economico,1,210,02,00,2022-07-22T01:39:29Z
1733,21,11,03,211103,CABANILLAS,V Censo Nacional Economico,1,210,02,00,2022-07-22T01:39:29Z
1734,21,11,04,211104,CARACOTO,V Censo Nacional Economico,1,210,02,00,2022-07-22T01:39:29Z
1735,21,11,05,211105,SAN MIGUEL,V Censo Nacional Economico,1,210,02,00,2022-07-22T01:39:29Z
1736,21,12,01,211201,SANDIA,V Censo Nacional Economico,1,210,03,00,2022-07-22T01:39:29Z
1737,21,12,02,211202,CUYOCUYO,V Censo Nacional Economico,1,210,03,00,2022-07-22T01:39:29Z
1738,21,12,03,211203,LIMBANI,V Censo Nacional Economico,1,210,03,00,2022-07-22T01:39:29Z
53,01,05,11,010511,MARIA,V Censo Nacional Economico,1,010,01,00,2022-07-22T01:39:29Z
115,02,05,06,020506,CANIS,V Censo Nacional Economico,1,02A,01,00,2022-07-22T01:39:29Z
31,01,03,04,010304,COROSHA,V Censo Nacional Economico,1,010,01,00,2022-07-22T01:39:29Z
55,01,05,13,010513,OCUMAL,V Censo Nacional Economico,1,010,01,00,2022-07-22T01:39:29Z
56,01,05,14,010514,PISUQUIA,V Censo Nacional Economico,1,010,01,00,2022-07-22T01:39:29Z
57,01,05,15,010515,PROVIDENCIA,V Censo Nacional Economico,1,010,01,00,2022-07-22T01:39:29Z
32,01,03,05,010305,CUISPES,V Censo Nacional Economico,1,010,01,00,2022-07-22T01:39:29Z
1739,21,12,04,211204,PATAMBUCO,V Censo Nacional Economico,1,210,03,00,2022-07-22T01:39:29Z
1740,21,12,05,211205,PHARA,V Censo Nacional Economico,1,210,03,00,2022-07-22T01:39:29Z
1741,21,12,06,211206,QUIACA,V Censo Nacional Economico,1,210,03,00,2022-07-22T01:39:29Z
1742,21,12,07,211207,SAN JUAN DEL ORO,V Censo Nacional Economico,1,210,03,00,2022-07-22T01:39:29Z
1743,21,12,08,211208,YANAHUAYA,V Censo Nacional Economico,1,210,03,00,2022-07-22T01:39:29Z
1744,21,12,09,211209,ALTO INAMBARI,V Censo Nacional Economico,1,210,03,00,2022-07-22T01:39:29Z
34,01,03,07,010307,JAZAN,V Censo Nacional Economico,1,010,01,00,2022-07-22T01:39:29Z
1746,21,13,01,211301,YUNGUYO,V Censo Nacional Economico,1,210,01,00,2022-07-22T01:39:29Z
1747,21,13,02,211302,ANAPIA,V Censo Nacional Economico,1,210,01,00,2022-07-22T01:39:29Z
35,01,03,08,010308,RECTA,V Censo Nacional Economico,1,010,01,00,2022-07-22T01:39:29Z
36,01,03,09,010309,SAN CARLOS,V Censo Nacional Economico,1,010,01,00,2022-07-22T01:39:29Z
37,01,03,10,010310,SHIPASBAMBA,V Censo Nacional Economico,1,010,01,00,2022-07-22T01:39:29Z
38,01,03,11,010311,VALERA,V Censo Nacional Economico,1,010,01,00,2022-07-22T01:39:29Z
40,01,04,01,010401,NIEVA,V Censo Nacional Economico,1,010,02,00,2022-07-22T01:39:29Z
41,01,04,02,010402,EL CENEPA,V Censo Nacional Economico,1,010,02,00,2022-07-22T01:39:29Z
42,01,04,03,010403,RIO SANTIAGO,V Censo Nacional Economico,1,010,02,00,2022-07-22T01:39:29Z
43,01,05,01,010501,LAMUD,V Censo Nacional Economico,1,010,01,00,2022-07-22T01:39:29Z
44,01,05,02,010502,CAMPORREDONDO,V Censo Nacional Economico,1,010,01,00,2022-07-22T01:39:29Z
46,01,05,04,010504,COLCAMAR,V Censo Nacional Economico,1,010,01,00,2022-07-22T01:39:29Z
48,01,05,06,010506,INGUILPATA,V Censo Nacional Economico,1,010,01,00,2022-07-22T01:39:29Z
49,01,05,07,010507,LONGUITA,V Censo Nacional Economico,1,010,01,00,2022-07-22T01:39:29Z
76,01,06,11,010611,TOTORA,V Censo Nacional Economico,1,010,01,00,2022-07-22T01:39:29Z
50,01,05,08,010508,LONYA CHICO,V Censo Nacional Economico,1,010,01,00,2022-07-22T01:39:29Z
51,01,05,09,010509,LUYA,V Censo Nacional Economico,1,010,01,00,2022-07-22T01:39:29Z
82,01,07,05,010705,JAMALCA,V Censo Nacional Economico,1,010,03,00,2022-07-22T01:39:29Z
83,01,07,06,010706,LONYA GRANDE,V Censo Nacional Economico,1,010,03,00,2022-07-22T01:39:29Z
84,01,07,07,010707,YAMON,V Censo Nacional Economico,1,010,03,00,2022-07-22T01:39:29Z
52,01,05,10,010510,LUYA VIEJO,V Censo Nacional Economico,1,010,01,00,2022-07-22T01:39:29Z
58,01,05,16,010516,SAN CRISTOBAL,V Censo Nacional Economico,1,010,01,00,2022-07-22T01:39:29Z
61,01,05,19,010519,SAN JUAN DE LOPECANCHA,V Censo Nacional Economico,1,010,01,00,2022-07-22T01:39:29Z
62,01,05,20,010520,SANTA CATALINA,V Censo Nacional Economico,1,010,01,00,2022-07-22T01:39:29Z
1280,14,02,06,140206,PUEBLO NUEVO,V Censo Nacional Economico,1,140,01,00,2022-07-22T01:39:29Z
63,01,05,21,010521,SANTO TOMAS,V Censo Nacional Economico,1,010,01,00,2022-07-22T01:39:29Z
65,01,05,23,010523,TRITA,V Censo Nacional Economico,1,010,01,00,2022-07-22T01:39:29Z
1287,14,03,07,140307,MOTUPE,V Censo Nacional Economico,1,140,03,00,2022-07-22T01:39:29Z
1288,14,03,08,140308,OLMOS,V Censo Nacional Economico,1,140,03,00,2022-07-22T01:39:29Z
66,01,06,01,010601,SAN NICOLAS,V Censo Nacional Economico,1,010,01,00,2022-07-22T01:39:29Z
69,01,06,04,010604,HUAMBO,V Censo Nacional Economico,1,010,01,00,2022-07-22T01:39:29Z
72,01,06,07,010607,MARISCAL BENAVIDES,V Censo Nacional Economico,1,010,01,00,2022-07-22T01:39:29Z
73,01,06,08,010608,MILPUC,V Censo Nacional Economico,1,010,01,00,2022-07-22T01:39:29Z
126,02,06,02,020602,ACOPAMPA,V Censo Nacional Economico,1,02A,01,00,2022-07-22T01:39:29Z
74,01,06,09,010609,OMIA,V Censo Nacional Economico,1,010,01,00,2022-07-22T01:39:29Z
75,01,06,10,010610,SANTA ROSA,V Censo Nacional Economico,1,010,01,00,2022-07-22T01:39:29Z
80,01,07,03,010703,CUMBA,V Censo Nacional Economico,1,010,03,00,2022-07-22T01:39:29Z
86,02,01,02,020102,COCHABAMBA,V Censo Nacional Economico,1,02A,01,00,2022-07-22T01:39:29Z
87,02,01,03,020103,COLCABAMBA,V Censo Nacional Economico,1,02A,01,00,2022-07-22T01:39:29Z
127,02,06,03,020603,AMASHCA,V Censo Nacional Economico,1,02A,01,00,2022-07-22T01:39:29Z
88,02,01,04,020104,HUANCHAY,V Censo Nacional Economico,1,02B,03,00,2022-07-22T01:39:29Z
90,02,01,06,020106,JANGAS,V Censo Nacional Economico,1,02A,01,00,2022-07-22T01:39:29Z
99,02,02,03,020203,HUACLLAN,V Censo Nacional Economico,1,02A,01,00,2022-07-22T01:39:29Z
91,02,01,07,020107,LA LIBERTAD,V Censo Nacional Economico,1,02A,01,00,2022-07-22T01:39:29Z
95,02,01,11,020111,PIRA,V Censo Nacional Economico,1,02A,01,00,2022-07-22T01:39:29Z
96,02,01,12,020112,TARICA,V Censo Nacional Economico,1,02A,01,00,2022-07-22T01:39:29Z
97,02,02,01,020201,AIJA,V Censo Nacional Economico,1,02A,01,00,2022-07-22T01:39:29Z
98,02,02,02,020202,CORIS,V Censo Nacional Economico,1,02A,01,00,2022-07-22T01:39:29Z
100,02,02,04,020204,LA MERCED,V Censo Nacional Economico,1,02A,01,00,2022-07-22T01:39:29Z
101,02,02,05,020205,SUCCHA,V Censo Nacional Economico,1,02A,01,00,2022-07-22T01:39:29Z
104,02,03,03,020303,CHACCHO,V Censo Nacional Economico,1,02A,01,00,2022-07-22T01:39:29Z
1082,12,02,07,120207,HEROINAS TOLEDO,V Censo Nacional Economico,1,120,02,00,2022-07-22T01:39:29Z
105,02,03,04,020304,CHINGAS,V Censo Nacional Economico,1,02A,01,00,2022-07-22T01:39:29Z
106,02,03,05,020305,MIRGAS,V Censo Nacional Economico,1,02A,01,00,2022-07-22T01:39:29Z
108,02,04,01,020401,CHACAS,V Censo Nacional Economico,1,02A,01,00,2022-07-22T01:39:29Z
109,02,04,02,020402,ACOCHACA,V Censo Nacional Economico,1,02A,01,00,2022-07-22T01:39:29Z
112,02,05,03,020503,ANTONIO RAYMONDI,V Censo Nacional Economico,1,02A,01,00,2022-07-22T01:39:29Z
128,02,06,04,020604,ANTA,V Censo Nacional Economico,1,02A,01,00,2022-07-22T01:39:29Z
135,02,06,11,020611,YUNGAR,V Censo Nacional Economico,1,02A,01,00,2022-07-22T01:39:29Z
137,02,07,02,020702,SAN NICOLAS,V Censo Nacional Economico,1,02A,01,00,2022-07-22T01:39:29Z
119,02,05,10,020510,HUAYLLACAYAN,V Censo Nacional Economico,1,02A,01,00,2022-07-22T01:39:29Z
120,02,05,11,020511,LA PRIMAVERA,V Censo Nacional Economico,1,02A,01,00,2022-07-22T01:39:29Z
1268,14,01,14,140114,SANTA ROSA,V Censo Nacional Economico,1,140,02,00,2022-07-22T01:39:29Z
123,02,05,14,020514,SAN MIGUEL DE CORPANQUI,V Censo Nacional Economico,1,02A,01,00,2022-07-22T01:39:29Z
134,02,06,10,020610,TINCO,V Censo Nacional Economico,1,02A,01,00,2022-07-22T01:39:29Z
1270,14,01,16,140116,CAYALTI,V Censo Nacional Economico,1,140,02,00,2022-07-22T01:39:29Z
124,02,05,15,020515,TICLLOS,V Censo Nacional Economico,1,02A,01,00,2022-07-22T01:39:29Z
129,02,06,05,020605,ATAQUERO,V Censo Nacional Economico,1,02A,01,00,2022-07-22T01:39:29Z
131,02,06,07,020607,PARIAHUANCA,V Censo Nacional Economico,1,02A,01,00,2022-07-22T01:39:29Z
133,02,06,09,020609,SHILLA,V Censo Nacional Economico,1,02A,01,00,2022-07-22T01:39:29Z
161,02,10,12,021012,RAHUAPAMPA,V Censo Nacional Economico,1,02A,01,00,2022-07-22T01:39:29Z
162,02,10,13,021013,RAPAYAN,V Censo Nacional Economico,1,02A,01,00,2022-07-22T01:39:29Z
163,02,10,14,021014,SAN MARCOS,V Censo Nacional Economico,1,02A,01,00,2022-07-22T01:39:29Z
164,02,10,15,021015,SAN PEDRO DE CHANA,V Censo Nacional Economico,1,02A,01,00,2022-07-22T01:39:29Z
185,02,13,05,021305,LLAMA,V Censo Nacional Economico,1,02A,01,00,2022-07-22T01:39:29Z
186,02,13,06,021306,LLUMPA,V Censo Nacional Economico,1,02A,01,00,2022-07-22T01:39:29Z
187,02,13,07,021307,LUCMA,V Censo Nacional Economico,1,02A,01,00,2022-07-22T01:39:29Z
138,02,07,03,020703,YAUYA,V Censo Nacional Economico,1,02A,01,00,2022-07-22T01:39:29Z
143,02,09,01,020901,CORONGO,V Censo Nacional Economico,1,02A,02,00,2022-07-22T01:39:29Z
144,02,09,02,020902,ACO,V Censo Nacional Economico,1,02A,02,00,2022-07-22T01:39:29Z
145,02,09,03,020903,BAMBAS,V Censo Nacional Economico,1,02A,02,00,2022-07-22T01:39:29Z
148,02,09,06,020906,YANAC,V Censo Nacional Economico,1,02A,02,00,2022-07-22T01:39:29Z
202,02,15,04,021504,HUACASCHUQUE,V Censo Nacional Economico,1,02B,01,00,2022-07-22T01:39:29Z
149,02,09,07,020907,YUPAN,V Censo Nacional Economico,1,02A,02,00,2022-07-22T01:39:29Z
151,02,10,02,021002,ANRA,V Censo Nacional Economico,1,02A,01,00,2022-07-22T01:39:29Z
154,02,10,05,021005,HUACACHI,V Censo Nacional Economico,1,02A,01,00,2022-07-22T01:39:29Z
158,02,10,09,021009,MASIN,V Censo Nacional Economico,1,02A,01,00,2022-07-22T01:39:29Z
160,02,10,11,021011,PONTO,V Censo Nacional Economico,1,02A,01,00,2022-07-22T01:39:29Z
165,02,10,16,021016,UCO,V Censo Nacional Economico,1,02A,01,00,2022-07-22T01:39:29Z
169,02,11,04,021104,HUAYAN,V Censo Nacional Economico,1,02B,03,00,2022-07-22T01:39:29Z
170,02,11,05,021105,MALVAS,V Censo Nacional Economico,1,02B,03,00,2022-07-22T01:39:29Z
171,02,12,01,021201,CARAZ,V Censo Nacional Economico,1,02A,02,00,2022-07-22T01:39:29Z
172,02,12,02,021202,HUALLANCA,V Censo Nacional Economico,1,02A,02,00,2022-07-22T01:39:29Z
173,02,12,03,021203,HUATA,V Censo Nacional Economico,1,02A,02,00,2022-07-22T01:39:29Z
175,02,12,05,021205,MATO,V Censo Nacional Economico,1,02A,02,00,2022-07-22T01:39:29Z
177,02,12,07,021207,PUEBLO LIBRE,V Censo Nacional Economico,1,02A,02,00,2022-07-22T01:39:29Z
181,02,13,01,021301,PISCOBAMBA,V Censo Nacional Economico,1,02A,01,00,2022-07-22T01:39:29Z
495,05,05,12,050512,UNION PROGRESO,V Censo Nacional Economico,1,050,02,00,2022-07-22T01:39:29Z
496,05,05,13,050513,RIO MAGDALENA,V Censo Nacional Economico,1,050,02,00,2022-07-22T01:39:29Z
182,02,13,02,021302,CASCA,V Censo Nacional Economico,1,02A,01,00,2022-07-22T01:39:29Z
509,05,06,11,050611,LUCANAS,V Censo Nacional Economico,1,110,03,00,2022-07-22T01:39:29Z
510,05,06,12,050612,OCAÑA,V Censo Nacional Economico,1,110,03,00,2022-07-22T01:39:29Z
511,05,06,13,050613,OTOCA,V Censo Nacional Economico,1,110,03,00,2022-07-22T01:39:29Z
512,05,06,14,050614,SAISA,V Censo Nacional Economico,1,110,03,00,2022-07-22T01:39:29Z
513,05,06,15,050615,SAN CRISTOBAL,V Censo Nacional Economico,1,110,03,00,2022-07-22T01:39:29Z
183,02,13,03,021303,ELEAZAR GUZMAN BARRON,V Censo Nacional Economico,1,02A,01,00,2022-07-22T01:39:29Z
259,03,01,09,030109,TAMBURCO,V Censo Nacional Economico,1,030,01,00,2022-07-22T01:39:29Z
695,06,13,11,061311,YAUYUCAN,V Censo Nacional Economico,1,060,02,00,2022-07-22T01:39:29Z
188,02,13,08,021308,MUSGA,V Censo Nacional Economico,1,02A,01,00,2022-07-22T01:39:29Z
191,02,14,03,021403,CAJAMARQUILLA,V Censo Nacional Economico,1,02A,01,00,2022-07-22T01:39:29Z
292,03,04,06,030406,COTARUSE,V Censo Nacional Economico,1,030,01,00,2022-07-22T01:39:29Z
293,03,04,07,030407,HUAYLLO,V Censo Nacional Economico,1,030,01,00,2022-07-22T01:39:29Z
194,02,14,06,021406,CONGAS,V Censo Nacional Economico,1,02A,01,00,2022-07-22T01:39:29Z
195,02,14,07,021407,LLIPA,V Censo Nacional Economico,1,02A,01,00,2022-07-22T01:39:29Z
196,02,14,08,021408,SAN CRISTOBAL DE RAJAN,V Censo Nacional Economico,1,02A,01,00,2022-07-22T01:39:29Z
318,03,06,09,030609,ROCCHACC,V Censo Nacional Economico,1,030,02,00,2022-07-22T01:39:29Z
198,02,14,10,021410,SANTIAGO DE CHILCAS,V Censo Nacional Economico,1,02A,01,00,2022-07-22T01:39:29Z
199,02,15,01,021501,CABANA,V Censo Nacional Economico,1,02B,01,00,2022-07-22T01:39:29Z
200,02,15,02,021502,BOLOGNESI,V Censo Nacional Economico,1,02B,01,00,2022-07-22T01:39:29Z
203,02,15,05,021505,HUANDOVAL,V Censo Nacional Economico,1,02B,01,00,2022-07-22T01:39:29Z
204,02,15,06,021506,LACABAMBA,V Censo Nacional Economico,1,02B,01,00,2022-07-22T01:39:29Z
205,02,15,07,021507,LLAPO,V Censo Nacional Economico,1,02B,01,00,2022-07-22T01:39:29Z
218,02,17,05,021705,LLACLLIN,V Censo Nacional Economico,1,02A,01,00,2022-07-22T01:39:29Z
220,02,17,07,021707,PAMPAS CHICO,V Censo Nacional Economico,1,02A,01,00,2022-07-22T01:39:29Z
222,02,17,09,021709,TAPACOCHA,V Censo Nacional Economico,1,02A,01,00,2022-07-22T01:39:29Z
226,02,18,03,021803,COISHCO,V Censo Nacional Economico,1,02B,01,00,2022-07-22T01:39:29Z
231,02,18,08,021808,SANTA,V Censo Nacional Economico,1,02B,01,00,2022-07-22T01:39:29Z
333,03,07,12,030712,VILCABAMBA,V Censo Nacional Economico,1,030,01,00,2022-07-22T01:39:29Z
233,02,19,01,021901,SIHUAS,V Censo Nacional Economico,1,02A,02,00,2022-07-22T01:39:29Z
1794,22,07,03,220703,CASPISAPA,V Censo Nacional Economico,1,22B,01,00,2022-07-22T01:39:29Z
236,02,19,04,021904,CASHAPAMPA,V Censo Nacional Economico,1,02A,02,00,2022-07-22T01:39:29Z
242,02,19,10,021910,SICSIBAMBA,V Censo Nacional Economico,1,02A,02,00,2022-07-22T01:39:29Z
245,02,20,03,022003,MANCOS,V Censo Nacional Economico,1,02A,01,00,2022-07-22T01:39:29Z
246,02,20,04,022004,MATACOTO,V Censo Nacional Economico,1,02A,01,00,2022-07-22T01:39:29Z
621,06,05,06,060506,SANTA CRUZ DE TOLED,V Censo Nacional Economico,1,060,01,00,2022-07-22T01:39:29Z
248,02,20,06,022006,RANRAHIRCA,V Censo Nacional Economico,1,02A,01,00,2022-07-22T01:39:29Z
321,03,06,12,030612,AHUAYRO,V Censo Nacional Economico,1,030,02,00,2022-07-22T01:39:29Z
258,03,01,08,030108,SAN PEDRO DE CACHORA,V Censo Nacional Economico,1,030,01,00,2022-07-22T01:39:29Z
261,03,02,02,030202,ANDARAPA,V Censo Nacional Economico,1,030,02,00,2022-07-22T01:39:29Z
262,03,02,03,030203,CHIARA,V Censo Nacional Economico,1,030,02,00,2022-07-22T01:39:29Z
264,03,02,05,030205,HUANCARAY,V Censo Nacional Economico,1,030,02,00,2022-07-22T01:39:29Z
662,06,10,02,061002,CHANCAY,V Censo Nacional Economico,1,060,01,00,2022-07-22T01:39:29Z
268,03,02,09,030209,PACUCHA,V Censo Nacional Economico,1,030,02,00,2022-07-22T01:39:29Z
270,03,02,11,030211,POMACOCHA,V Censo Nacional Economico,1,030,02,00,2022-07-22T01:39:29Z
274,03,02,15,030215,SANTA MARIA DE CHICMO,V Censo Nacional Economico,1,030,02,00,2022-07-22T01:39:29Z
277,03,02,18,030218,TURPO,V Censo Nacional Economico,1,030,02,00,2022-07-22T01:39:29Z
1049,12,01,04,120104,CARHUACALLANGA,V Censo Nacional Economico,1,120,01,00,2022-07-22T01:39:29Z
278,03,02,19,030219,KAQUIABAMBA,V Censo Nacional Economico,1,030,02,00,2022-07-22T01:39:29Z
281,03,03,02,030302,EL ORO,V Censo Nacional Economico,1,030,01,00,2022-07-22T01:39:29Z
288,03,04,02,030402,CAPAYA,V Censo Nacional Economico,1,030,01,00,2022-07-22T01:39:29Z
1058,12,01,16,120116,HUACRAPUQUIO,V Censo Nacional Economico,1,120,01,00,2022-07-22T01:39:29Z
291,03,04,05,030405,COLCABAMBA,V Censo Nacional Economico,1,030,01,00,2022-07-22T01:39:29Z
294,03,04,08,030408,JUSTO APU SAHUARAURA,V Censo Nacional Economico,1,030,01,00,2022-07-22T01:39:29Z
295,03,04,09,030409,LUCRE,V Censo Nacional Economico,1,030,01,00,2022-07-22T01:39:29Z
296,03,04,10,030410,POCOHUANCA,V Censo Nacional Economico,1,030,01,00,2022-07-22T01:39:29Z
297,03,04,11,030411,SAN JUAN DE CHACÑA,V Censo Nacional Economico,1,030,01,00,2022-07-22T01:39:29Z
299,03,04,13,030413,SORAYA,V Censo Nacional Economico,1,030,01,00,2022-07-22T01:39:29Z
303,03,04,17,030417,YANACA,V Censo Nacional Economico,1,030,01,00,2022-07-22T01:39:29Z
305,03,05,02,030502,COTABAMBAS,V Censo Nacional Economico,1,030,01,00,2022-07-22T01:39:29Z
310,03,06,01,030601,CHINCHEROS,V Censo Nacional Economico,1,030,02,00,2022-07-22T01:39:29Z
311,03,06,02,030602,ANCO_HUALLO,V Censo Nacional Economico,1,030,02,00,2022-07-22T01:39:29Z
312,03,06,03,030603,COCHARCAS,V Censo Nacional Economico,1,030,02,00,2022-07-22T01:39:29Z
315,03,06,06,030606,ONGOY,V Censo Nacional Economico,1,030,02,00,2022-07-22T01:39:29Z
316,03,06,07,030607,URANMARCA,V Censo Nacional Economico,1,030,02,00,2022-07-22T01:39:29Z
317,03,06,08,030608,RANRACANCHA,V Censo Nacional Economico,1,030,02,00,2022-07-22T01:39:29Z
1059,12,01,17,120117,HUALHUAS,V Censo Nacional Economico,1,120,02,00,2022-07-22T01:39:29Z
319,03,06,10,030610,EL PORVENIR,V Censo Nacional Economico,1,030,02,00,2022-07-22T01:39:29Z
330,03,07,09,030709,SAN ANTONIO,V Censo Nacional Economico,1,030,01,00,2022-07-22T01:39:29Z
331,03,07,10,030710,SANTA ROSA,V Censo Nacional Economico,1,030,01,00,2022-07-22T01:39:29Z
326,03,07,05,030705,MAMARA,V Censo Nacional Economico,1,030,01,00,2022-07-22T01:39:29Z
327,03,07,06,030706,MICAELA BASTIDAS,V Censo Nacional Economico,1,030,01,00,2022-07-22T01:39:29Z
336,04,01,01,040101,AREQUIPA,V Censo Nacional Economico,1,040,01,00,2022-07-22T01:39:29Z
1291,14,03,11,140311,SAN JOSE,V Censo Nacional Economico,1,140,03,00,2022-07-22T01:39:29Z
332,03,07,11,030711,TURPAY,V Censo Nacional Economico,1,030,01,00,2022-07-22T01:39:29Z
334,03,07,13,030713,VIRUNDO,V Censo Nacional Economico,1,030,01,00,2022-07-22T01:39:29Z
342,04,01,07,040107,JACOBO HUNTER,V Censo Nacional Economico,1,040,04,00,2022-07-22T01:39:29Z
344,04,01,09,040109,MARIANO MELGAR,V Censo Nacional Economico,1,040,03,00,2022-07-22T01:39:29Z
337,04,01,02,040102,ALTO SELVA ALEGRE,V Censo Nacional Economico,1,040,02,00,2022-07-22T01:39:29Z
341,04,01,06,040106,CHIGUATA,V Censo Nacional Economico,1,040,03,00,2022-07-22T01:39:29Z
345,04,01,10,040110,MIRAFLORES,V Censo Nacional Economico,1,040,03,00,2022-07-22T01:39:29Z
353,04,01,18,040118,SAN JUAN DE SIGUAS,V Censo Nacional Economico,1,040,04,00,2022-07-22T01:39:29Z
361,04,01,26,040126,YANAHUARA,V Censo Nacional Economico,1,040,01,00,2022-07-22T01:39:29Z
514,05,06,16,050616,SAN JUAN,V Censo Nacional Economico,1,110,03,00,2022-07-22T01:39:29Z
517,05,06,19,050619,SANCOS,V Censo Nacional Economico,1,110,03,00,2022-07-22T01:39:29Z
346,04,01,11,040111,MOLLEBAYA,V Censo Nacional Economico,1,040,03,00,2022-07-22T01:39:29Z
347,04,01,12,040112,PAUCARPATA,V Censo Nacional Economico,1,040,03,00,2022-07-22T01:39:29Z
364,04,01,29,040129,JOSE LUIS BUSTAMANTE Y RIVERO,V Censo Nacional Economico,1,040,04,00,2022-07-22T01:39:29Z
348,04,01,13,040113,POCSI,V Censo Nacional Economico,1,040,03,00,2022-07-22T01:39:29Z
350,04,01,15,040115,QUEQUEÑA,V Censo Nacional Economico,1,040,03,00,2022-07-22T01:39:29Z
366,04,02,02,040202,JOSE MARIA QUIMPER,V Censo Nacional Economico,1,040,05,00,2022-07-22T01:39:29Z
368,04,02,04,040204,MARISCAL CACERES,V Censo Nacional Economico,1,040,05,00,2022-07-22T01:39:29Z
351,04,01,16,040116,SABANDIA,V Censo Nacional Economico,1,040,03,00,2022-07-22T01:39:29Z
352,04,01,17,040117,SACHACA,V Censo Nacional Economico,1,040,04,00,2022-07-22T01:39:29Z
357,04,01,22,040122,SOCABAYA,V Censo Nacional Economico,1,040,04,00,2022-07-22T01:39:29Z
518,05,06,20,050620,SANTA ANA DE HUAYCAHUACHO,V Censo Nacional Economico,1,110,03,00,2022-07-22T01:39:29Z
519,05,06,21,050621,SANTA LUCIA,V Censo Nacional Economico,1,110,03,00,2022-07-22T01:39:29Z
520,05,07,01,050701,CORACORA,V Censo Nacional Economico,1,110,03,00,2022-07-22T01:39:29Z
358,04,01,23,040123,TIABAYA,V Censo Nacional Economico,1,040,04,00,2022-07-22T01:39:29Z
1104,12,04,08,120408,HUAMALI,V Censo Nacional Economico,1,120,02,00,2022-07-22T01:39:29Z
372,04,02,08,040208,SAMUEL PASTOR,V Censo Nacional Economico,1,040,05,00,2022-07-22T01:39:29Z
377,04,03,05,040305,BELLA UNION,V Censo Nacional Economico,1,040,05,00,2022-07-22T01:39:29Z
378,04,03,06,040306,CAHUACHO,V Censo Nacional Economico,1,040,05,00,2022-07-22T01:39:29Z
379,04,03,07,040307,CHALA,V Censo Nacional Economico,1,040,05,00,2022-07-22T01:39:29Z
380,04,03,08,040308,CHAPARRA,V Censo Nacional Economico,1,040,05,00,2022-07-22T01:39:29Z
381,04,03,09,040309,HUANUHUANU,V Censo Nacional Economico,1,040,05,00,2022-07-22T01:39:29Z
521,05,07,02,050702,CHUMPI,V Censo Nacional Economico,1,110,03,00,2022-07-22T01:39:29Z
396,04,04,11,040411,TIPAN,V Censo Nacional Economico,1,040,05,00,2022-07-22T01:39:29Z
399,04,04,14,040414,VIRACO,V Censo Nacional Economico,1,040,05,00,2022-07-22T01:39:29Z
404,04,05,05,040505,CAYLLOMA,V Censo Nacional Economico,1,040,05,00,2022-07-22T01:39:29Z
408,04,05,09,040509,ICHUPAMPA,V Censo Nacional Economico,1,040,05,00,2022-07-22T01:39:29Z
430,04,07,03,040703,DEAN VALDIVIA,V Censo Nacional Economico,1,040,04,00,2022-07-22T01:39:29Z
435,04,08,02,040802,ALCA,V Censo Nacional Economico,1,040,05,00,2022-07-22T01:39:29Z
441,04,08,08,040808,SAYLA,V Censo Nacional Economico,1,040,05,00,2022-07-22T01:39:29Z
443,04,08,10,040810,TOMEPAMPA,V Censo Nacional Economico,1,040,05,00,2022-07-22T01:39:29Z
451,05,01,07,050107,PACAYCASA,V Censo Nacional Economico,1,050,01,00,2022-07-22T01:39:29Z
1297,15,01,05,150105,BREÑA,V Censo Nacional Economico,1,150,05,00,2022-07-22T01:39:29Z
453,05,01,09,050109,SAN JOSE DE TICLLAS,V Censo Nacional Economico,1,050,01,00,2022-07-22T01:39:29Z
455,05,01,11,050111,SANTIAGO DE PISCHA,V Censo Nacional Economico,1,050,01,00,2022-07-22T01:39:29Z
458,05,01,14,050114,VINCHOS,V Censo Nacional Economico,1,050,01,00,2022-07-22T01:39:29Z
459,05,01,15,050115,JESUS NAZARENO,V Censo Nacional Economico,1,050,01,00,2022-07-22T01:39:29Z
460,05,01,16,050116,ANDRES AVELINO CACERES DORREGARAY,V Censo Nacional Economico,1,050,01,00,2022-07-22T01:39:29Z
464,05,02,04,050204,MARIA PARADO DE BELLIDO,V Censo Nacional Economico,1,050,01,00,2022-07-22T01:39:29Z
473,05,04,03,050403,HUAMANGUILLA,V Censo Nacional Economico,1,050,02,00,2022-07-22T01:39:29Z
474,05,04,04,050404,IGUAIN,V Censo Nacional Economico,1,050,02,00,2022-07-22T01:39:29Z
483,05,04,13,050413,PUTIS,V Censo Nacional Economico,1,050,02,00,2022-07-22T01:39:29Z
497,05,05,14,050514,NINABAMBA,V Censo Nacional Economico,1,050,02,00,2022-07-22T01:39:29Z
498,05,05,15,050515,PATIBAMBA,V Censo Nacional Economico,1,050,02,00,2022-07-22T01:39:29Z
503,05,06,05,050605,CHAVIÑA,V Censo Nacional Economico,1,110,03,00,2022-07-22T01:39:29Z
504,05,06,06,050606,CHIPAO,V Censo Nacional Economico,1,110,03,00,2022-07-22T01:39:29Z
505,05,06,07,050607,HUAC-HUAS,V Censo Nacional Economico,1,110,03,00,2022-07-22T01:39:29Z
523,05,07,04,050704,PACAPAUSA,V Censo Nacional Economico,1,110,03,00,2022-07-22T01:39:29Z
525,05,07,06,050706,PUYUSCA,V Censo Nacional Economico,1,110,03,00,2022-07-22T01:39:29Z
526,05,07,07,050707,SAN FRANCISCO DE RAVACAYCO,V Censo Nacional Economico,1,110,03,00,2022-07-22T01:39:29Z
530,05,08,03,050803,CORCULLA,V Censo Nacional Economico,1,110,03,00,2022-07-22T01:39:29Z
532,05,08,05,050805,MARCABAMBA,V Censo Nacional Economico,1,110,03,00,2022-07-22T01:39:29Z
534,05,08,07,050807,PARARCA,V Censo Nacional Economico,1,110,03,00,2022-07-22T01:39:29Z
535,05,08,08,050808,SAN JAVIER DE ALPABAMBA,V Censo Nacional Economico,1,110,03,00,2022-07-22T01:39:29Z
536,05,08,09,050809,SAN JOSE DE USHUA,V Censo Nacional Economico,1,110,03,00,2022-07-22T01:39:29Z
537,05,08,10,050810,SARA SARA,V Censo Nacional Economico,1,110,03,00,2022-07-22T01:39:29Z
539,05,09,02,050902,BELEN,V Censo Nacional Economico,1,050,01,00,2022-07-22T01:39:29Z
1060,12,01,19,120119,HUANCAN,V Censo Nacional Economico,1,120,01,00,2022-07-22T01:39:29Z
540,05,09,03,050903,CHALCOS,V Censo Nacional Economico,1,050,01,00,2022-07-22T01:39:29Z
1062,12,01,21,120121,HUAYUCACHI,V Censo Nacional Economico,1,120,01,00,2022-07-22T01:39:29Z
541,05,09,04,050904,CHILCAYOC,V Censo Nacional Economico,1,050,01,00,2022-07-22T01:39:29Z
571,06,01,03,060103,CHETILLA,V Censo Nacional Economico,1,060,01,00,2022-07-22T01:39:29Z
542,05,09,05,050905,HUACAÑA,V Censo Nacional Economico,1,050,01,00,2022-07-22T01:39:29Z
544,05,09,07,050907,PAICO,V Censo Nacional Economico,1,050,01,00,2022-07-22T01:39:29Z
546,05,09,09,050909,SAN SALVADOR DE QUIJE,V Censo Nacional Economico,1,050,01,00,2022-07-22T01:39:29Z
547,05,09,10,050910,SANTIAGO DE PAUCARAY,V Censo Nacional Economico,1,050,01,00,2022-07-22T01:39:29Z
550,05,10,02,051002,ALCAMENCA,V Censo Nacional Economico,1,050,01,00,2022-07-22T01:39:29Z
552,05,10,04,051004,ASQUIPATA,V Censo Nacional Economico,1,050,01,00,2022-07-22T01:39:29Z
554,05,10,06,051006,CAYARA,V Censo Nacional Economico,1,050,01,00,2022-07-22T01:39:29Z
555,05,10,07,051007,COLCA,V Censo Nacional Economico,1,050,01,00,2022-07-22T01:39:29Z
556,05,10,08,051008,HUAMANQUIQUIA,V Censo Nacional Economico,1,050,01,00,2022-07-22T01:39:29Z
557,05,10,09,051009,HUANCARAYLLA,V Censo Nacional Economico,1,050,01,00,2022-07-22T01:39:29Z
562,05,11,02,051102,ACCOMARCA,V Censo Nacional Economico,1,050,01,00,2022-07-22T01:39:29Z
563,05,11,03,051103,CARHUANCA,V Censo Nacional Economico,1,050,01,00,2022-07-22T01:39:29Z
575,06,01,07,060107,LLACANORA,V Censo Nacional Economico,1,060,01,00,2022-07-22T01:39:29Z
564,05,11,04,051104,CONCEPCION,V Censo Nacional Economico,1,050,01,00,2022-07-22T01:39:29Z
566,05,11,06,051106,INDEPENDENCIA,V Censo Nacional Economico,1,050,01,00,2022-07-22T01:39:29Z
567,05,11,07,051107,SAURAMA,V Censo Nacional Economico,1,050,01,00,2022-07-22T01:39:29Z
574,06,01,06,060106,JESUS,V Censo Nacional Economico,1,060,01,00,2022-07-22T01:39:29Z
577,06,01,09,060109,MAGDALENA,V Censo Nacional Economico,1,060,01,00,2022-07-22T01:39:29Z
578,06,01,10,060110,MATARA,V Censo Nacional Economico,1,060,01,00,2022-07-22T01:39:29Z
1065,12,01,25,120125,PILCOMAYO,V Censo Nacional Economico,1,120,02,00,2022-07-22T01:39:29Z
579,06,01,11,060111,NAMORA,V Censo Nacional Economico,1,060,01,00,2022-07-22T01:39:29Z
580,06,01,12,060112,SAN JUAN,V Censo Nacional Economico,1,060,01,00,2022-07-22T01:39:29Z
1070,12,01,30,120130,SAN JERONIMO DE TUNAN,V Censo Nacional Economico,1,120,02,00,2022-07-22T01:39:29Z
587,06,03,03,060303,CORTEGANA,V Censo Nacional Economico,1,060,01,00,2022-07-22T01:39:29Z
589,06,03,05,060305,JORGE CHAVEZ,V Censo Nacional Economico,1,060,01,00,2022-07-22T01:39:29Z
590,06,03,06,060306,JOSE GALVEZ,V Censo Nacional Economico,1,060,01,00,2022-07-22T01:39:29Z
600,06,04,04,060404,CHIGUIRIP,V Censo Nacional Economico,1,060,02,00,2022-07-22T01:39:29Z
593,06,03,09,060309,SOROCHUCO,V Censo Nacional Economico,1,060,01,00,2022-07-22T01:39:29Z
595,06,03,11,060311,UTCO,V Censo Nacional Economico,1,060,01,00,2022-07-22T01:39:29Z
596,06,03,12,060312,LA LIBERTAD DE PALLAN,V Censo Nacional Economico,1,060,01,00,2022-07-22T01:39:29Z
599,06,04,03,060403,CHADIN,V Censo Nacional Economico,1,060,02,00,2022-07-22T01:39:29Z
619,06,05,04,060504,GUZMANGO,V Censo Nacional Economico,1,060,01,00,2022-07-22T01:39:29Z
602,06,04,06,060406,CHOROPAMPA,V Censo Nacional Economico,1,060,02,00,2022-07-22T01:39:29Z
604,06,04,08,060408,CONCHAN,V Censo Nacional Economico,1,060,02,00,2022-07-22T01:39:29Z
609,06,04,13,060413,PACCHA,V Censo Nacional Economico,1,060,02,00,2022-07-22T01:39:29Z
617,06,05,02,060502,CHILETE,V Censo Nacional Economico,1,060,01,00,2022-07-22T01:39:29Z
618,06,05,03,060503,CUPISNIQUE,V Censo Nacional Economico,1,060,01,00,2022-07-22T01:39:29Z
622,06,05,07,060507,TANTARICA,V Censo Nacional Economico,1,060,01,00,2022-07-22T01:39:29Z
627,06,06,04,060604,CUJILLO,V Censo Nacional Economico,1,060,02,00,2022-07-22T01:39:29Z
628,06,06,05,060605,LA RAMADA,V Censo Nacional Economico,1,060,02,00,2022-07-22T01:39:29Z
632,06,06,09,060609,SAN JUAN DE CUTERVO,V Censo Nacional Economico,1,060,02,00,2022-07-22T01:39:29Z
633,06,06,10,060610,SAN LUIS DE LUCMA,V Censo Nacional Economico,1,060,02,00,2022-07-22T01:39:29Z
635,06,06,12,060612,SANTO DOMINGO DE LA CAPILLA,V Censo Nacional Economico,1,060,02,00,2022-07-22T01:39:29Z
1105,12,04,09,120409,HUARIPAMPA,V Censo Nacional Economico,1,120,02,00,2022-07-22T01:39:29Z
640,06,07,02,060702,CHUGUR,V Censo Nacional Economico,1,060,01,00,2022-07-22T01:39:29Z
1071,12,01,32,120132,SAÑO,V Censo Nacional Economico,1,120,02,00,2022-07-22T01:39:29Z
641,06,07,03,060703,HUALGAYOC,V Censo Nacional Economico,1,060,01,00,2022-07-22T01:39:29Z
643,06,08,02,060802,BELLAVISTA,V Censo Nacional Economico,1,060,02,00,2022-07-22T01:39:29Z
646,06,08,05,060805,HUABAL,V Censo Nacional Economico,1,060,02,00,2022-07-22T01:39:29Z
647,06,08,06,060806,LAS PIRIAS,V Censo Nacional Economico,1,060,02,00,2022-07-22T01:39:29Z
661,06,10,01,061001,PEDRO GALVEZ,V Censo Nacional Economico,1,060,01,00,2022-07-22T01:39:29Z
825,09,01,07,090107,HUAYLLAHUARA,V Censo Nacional Economico,1,090,01,00,2022-07-22T01:39:29Z
663,06,10,03,061003,EDUARDO VILLANUEVA,V Censo Nacional Economico,1,060,01,00,2022-07-22T01:39:29Z
702,07,01,07,070107,MI PERU,V Censo Nacional Economico,1,070,01,00,2022-07-22T01:39:29Z
664,06,10,04,061004,GREGORIO PITA,V Censo Nacional Economico,1,060,01,00,2022-07-22T01:39:29Z
665,06,10,05,061005,ICHOCAN,V Censo Nacional Economico,1,060,01,00,2022-07-22T01:39:29Z
666,06,10,06,061006,JOSE MANUEL QUIROZ,V Censo Nacional Economico,1,060,01,00,2022-07-22T01:39:29Z
669,06,11,02,061102,BOLIVAR,V Censo Nacional Economico,1,060,01,00,2022-07-22T01:39:29Z
1076,12,02,01,120201,CONCEPCION,V Censo Nacional Economico,1,120,02,00,2022-07-22T01:39:29Z
671,06,11,04,061104,CATILLUC,V Censo Nacional Economico,1,060,01,00,2022-07-22T01:39:29Z
672,06,11,05,061105,EL PRADO,V Censo Nacional Economico,1,060,01,00,2022-07-22T01:39:29Z
673,06,11,06,061106,LA FLORIDA,V Censo Nacional Economico,1,060,01,00,2022-07-22T01:39:29Z
1813,22,09,03,220903,CACATACHI,V Censo Nacional Economico,1,22B,01,00,2022-07-22T01:39:29Z
676,06,11,09,061109,NIEPOS,V Censo Nacional Economico,1,060,01,00,2022-07-22T01:39:29Z
679,06,11,12,061112,TONGOD,V Censo Nacional Economico,1,060,01,00,2022-07-22T01:39:29Z
681,06,12,01,061201,SAN PABLO,V Censo Nacional Economico,1,060,01,00,2022-07-22T01:39:29Z
682,06,12,02,061202,SAN BERNARDINO,V Censo Nacional Economico,1,060,01,00,2022-07-22T01:39:29Z
683,06,12,03,061203,SAN LUIS,V Censo Nacional Economico,1,060,01,00,2022-07-22T01:39:29Z
705,08,01,03,080103,POROY,V Censo Nacional Economico,1,080,01,00,2022-07-22T01:39:29Z
690,06,13,06,061306,NINABAMBA,V Censo Nacional Economico,1,060,02,00,2022-07-22T01:39:29Z
714,08,02,04,080204,MOSOC LLACTA,V Censo Nacional Economico,1,080,01,00,2022-07-22T01:39:29Z
777,08,09,11,080911,INKAWASI,V Censo Nacional Economico,1,080,05,00,2022-07-22T01:39:29Z
778,08,09,12,080912,VILLA VIRGEN,V Censo Nacional Economico,1,080,05,00,2022-07-22T01:39:29Z
779,08,09,13,080913,VILLA KINTIARINA,V Censo Nacional Economico,1,080,05,00,2022-07-22T01:39:29Z
780,08,09,14,080914,MEGANTONI,V Censo Nacional Economico,1,080,05,00,2022-07-22T01:39:29Z
692,06,13,08,061308,SAUCEPAMPA,V Censo Nacional Economico,1,060,02,00,2022-07-22T01:39:29Z
826,09,01,08,090108,IZCUCHACA,V Censo Nacional Economico,1,090,01,00,2022-07-22T01:39:29Z
781,08,09,15,080915,KUMPIRUSHIATO,V Censo Nacional Economico,1,050,03,00,2022-07-22T01:39:29Z
694,06,13,10,061310,UTICYACU,V Censo Nacional Economico,1,060,02,00,2022-07-22T01:39:29Z
697,07,01,02,070102,BELLAVISTA,V Censo Nacional Economico,1,070,02,00,2022-07-22T01:39:29Z
698,07,01,03,070103,CARMEN DE LA LEGUA REYNOSO,V Censo Nacional Economico,1,070,02,00,2022-07-22T01:39:29Z
699,07,01,04,070104,LA PERLA,V Censo Nacional Economico,1,070,02,00,2022-07-22T01:39:29Z
725,08,03,08,080308,PUCYURA,V Censo Nacional Economico,1,080,06,00,2022-07-22T01:39:29Z
700,07,01,05,070105,LA PUNTA,V Censo Nacional Economico,1,070,02,00,2022-07-22T01:39:29Z
709,08,01,07,080107,SAYLLA,V Censo Nacional Economico,1,080,02,00,2022-07-22T01:39:29Z
1871,24,03,04,240304,PAPAYAL,V Censo Nacional Economico,1,240,00,00,2022-07-22T01:39:29Z
710,08,01,08,080108,WANCHAQ,V Censo Nacional Economico,1,080,02,00,2022-07-22T01:39:29Z
797,08,11,04,081104,COLQUEPATA,V Censo Nacional Economico,1,080,03,00,2022-07-22T01:39:29Z
798,08,11,05,081105,HUANCARANI,V Censo Nacional Economico,1,080,03,00,2022-07-22T01:39:29Z
711,08,02,01,080201,ACOMAYO,V Censo Nacional Economico,1,080,01,00,2022-07-22T01:39:29Z
712,08,02,02,080202,ACOPIA,V Censo Nacional Economico,1,080,01,00,2022-07-22T01:39:29Z
719,08,03,02,080302,ANCAHUASI,V Censo Nacional Economico,1,080,06,00,2022-07-22T01:39:29Z
829,09,01,11,090111,MARISCAL CACERES,V Censo Nacional Economico,1,090,01,00,2022-07-22T01:39:29Z
720,08,03,03,080303,CACHIMAYO,V Censo Nacional Economico,1,080,06,00,2022-07-22T01:39:29Z
833,09,01,15,090115,PILCHACA,V Censo Nacional Economico,1,090,01,00,2022-07-22T01:39:29Z
726,08,03,09,080309,ZURITE,V Censo Nacional Economico,1,080,06,00,2022-07-22T01:39:29Z
1085,12,02,10,120210,MATAHUASI,V Censo Nacional Economico,1,120,02,00,2022-07-22T01:39:29Z
728,08,04,02,080402,COYA,V Censo Nacional Economico,1,080,06,00,2022-07-22T01:39:29Z
729,08,04,03,080403,LAMAY,V Censo Nacional Economico,1,080,06,00,2022-07-22T01:39:29Z
733,08,04,07,080407,TARAY,V Censo Nacional Economico,1,080,06,00,2022-07-22T01:39:29Z
740,08,05,06,080506,PAMPAMARCA,V Censo Nacional Economico,1,080,04,00,2022-07-22T01:39:29Z
1086,12,02,11,120211,MITO,V Censo Nacional Economico,1,120,02,00,2022-07-22T01:39:29Z
749,08,06,07,080607,SAN PEDRO,V Censo Nacional Economico,1,080,03,00,2022-07-22T01:39:29Z
750,08,06,08,080608,TINTA,V Censo Nacional Economico,1,080,03,00,2022-07-22T01:39:29Z
752,08,07,02,080702,CAPACMARCA,V Censo Nacional Economico,1,080,04,00,2022-07-22T01:39:29Z
753,08,07,03,080703,CHAMACA,V Censo Nacional Economico,1,080,04,00,2022-07-22T01:39:29Z
782,08,09,16,080916,CIELO PUNCO,V Censo Nacional Economico,1,050,03,00,2022-07-22T01:39:29Z
783,08,09,17,080917,MANITEA,V Censo Nacional Economico,1,050,03,00,2022-07-22T01:39:29Z
784,08,09,18,080918,UNION ASHANINKA,V Censo Nacional Economico,1,050,03,00,2022-07-22T01:39:29Z
785,08,10,01,081001,PARURO,V Censo Nacional Economico,1,080,01,00,2022-07-22T01:39:29Z
792,08,10,08,081008,PILLPINTO,V Censo Nacional Economico,1,080,01,00,2022-07-22T01:39:29Z
793,08,10,09,081009,YAURISQUE,V Censo Nacional Economico,1,080,01,00,2022-07-22T01:39:29Z
800,08,12,01,081201,URCOS,V Censo Nacional Economico,1,080,03,00,2022-07-22T01:39:29Z
801,08,12,02,081202,ANDAHUAYLILLAS,V Censo Nacional Economico,1,080,03,00,2022-07-22T01:39:29Z
810,08,12,11,081211,OROPESA,V Censo Nacional Economico,1,080,03,00,2022-07-22T01:39:29Z
813,08,13,02,081302,CHINCHERO,V Censo Nacional Economico,1,080,06,00,2022-07-22T01:39:29Z
814,08,13,03,081303,HUAYLLABAMBA,V Censo Nacional Economico,1,080,06,00,2022-07-22T01:39:29Z
816,08,13,05,081305,MARAS,V Censo Nacional Economico,1,080,06,00,2022-07-22T01:39:29Z
818,08,13,07,081307,YUCAY,V Censo Nacional Economico,1,080,06,00,2022-07-22T01:39:29Z
1305,15,01,13,150113,JESUS MARIA,V Censo Nacional Economico,1,150,07,00,2022-07-22T01:39:29Z
822,09,01,04,090104,CONAYCA,V Censo Nacional Economico,1,090,01,00,2022-07-22T01:39:29Z
823,09,01,05,090105,CUENCA,V Censo Nacional Economico,1,090,01,00,2022-07-22T01:39:29Z
827,09,01,09,090109,LARIA,V Censo Nacional Economico,1,090,01,00,2022-07-22T01:39:29Z
830,09,01,12,090112,MOYA,V Censo Nacional Economico,1,090,01,00,2022-07-22T01:39:29Z
832,09,01,14,090114,PALCA,V Censo Nacional Economico,1,090,01,00,2022-07-22T01:39:29Z
839,09,02,02,090202,ANDABAMBA,V Censo Nacional Economico,1,090,01,00,2022-07-22T01:39:29Z
844,09,02,07,090207,POMACOCHA,V Censo Nacional Economico,1,090,01,00,2022-07-22T01:39:29Z
845,09,02,08,090208,ROSARIO,V Censo Nacional Economico,1,090,01,00,2022-07-22T01:39:29Z
847,09,03,02,090302,ANCHONGA,V Censo Nacional Economico,1,090,01,00,2022-07-22T01:39:29Z
848,09,03,03,090303,CALLANMARCA,V Censo Nacional Economico,1,090,01,00,2022-07-22T01:39:29Z
853,09,03,08,090308,HUAYLLAY GRANDE,V Censo Nacional Economico,1,090,01,00,2022-07-22T01:39:29Z
852,09,03,07,090307,HUANCA-HUANCA,V Censo Nacional Economico,1,090,01,00,2022-07-22T01:39:29Z
855,09,03,10,090310,SAN ANTONIO DE ANTAPARCO,V Censo Nacional Economico,1,090,01,00,2022-07-22T01:39:29Z
1011,11,01,07,110107,PUEBLO NUEVO,V Censo Nacional Economico,1,110,01,00,2022-07-22T01:39:29Z
854,09,03,09,090309,JULCAMARCA,V Censo Nacional Economico,1,090,01,00,2022-07-22T01:39:29Z
863,09,04,06,090406,COCAS,V Censo Nacional Economico,1,090,01,00,2022-07-22T01:39:29Z
864,09,04,07,090407,HUACHOS,V Censo Nacional Economico,1,090,01,00,2022-07-22T01:39:29Z
865,09,04,08,090408,HUAMATAMBO,V Censo Nacional Economico,1,090,01,00,2022-07-22T01:39:29Z
1822,22,09,12,220912,SAN ANTONIO,V Censo Nacional Economico,1,22B,01,00,2022-07-22T01:39:29Z
869,09,04,12,090412,TANTARA,V Censo Nacional Economico,1,090,01,00,2022-07-22T01:39:29Z
871,09,05,01,090501,CHURCAMPA,V Censo Nacional Economico,1,090,01,00,2022-07-22T01:39:29Z
872,09,05,02,090502,ANCO,V Censo Nacional Economico,1,090,01,00,2022-07-22T01:39:29Z
874,09,05,04,090504,EL CARMEN,V Censo Nacional Economico,1,090,01,00,2022-07-22T01:39:29Z
875,09,05,05,090505,LA MERCED,V Censo Nacional Economico,1,090,01,00,2022-07-22T01:39:29Z
878,09,05,08,090508,SAN MIGUEL DE MAYOCC,V Censo Nacional Economico,1,090,01,00,2022-07-22T01:39:29Z
919,09,07,24,090724,LAMBRAS,V Censo Nacional Economico,1,090,01,00,2022-07-22T01:39:29Z
881,09,05,11,090511,COSME,V Censo Nacional Economico,1,090,01,00,2022-07-22T01:39:29Z
884,09,06,03,090603,CORDOVA,V Censo Nacional Economico,1,090,01,00,2022-07-22T01:39:29Z
1097,12,04,01,120401,JAUJA,V Censo Nacional Economico,1,120,02,00,2022-07-22T01:39:29Z
885,09,06,04,090604,HUAYACUNDO ARMA,V Censo Nacional Economico,1,090,01,00,2022-07-22T01:39:29Z
886,09,06,05,090605,LARAMARCA,V Censo Nacional Economico,1,090,01,00,2022-07-22T01:39:29Z
898,09,07,01,090701,PAMPAS,V Censo Nacional Economico,1,090,01,00,2022-07-22T01:39:29Z
900,09,07,03,090703,ACRAQUIA,V Censo Nacional Economico,1,090,01,00,2022-07-22T01:39:29Z
983,10,08,03,100803,MOLINO,V Censo Nacional Economico,1,100,01,00,2022-07-22T01:39:29Z
984,10,08,04,100804,UMARI,V Censo Nacional Economico,1,100,01,00,2022-07-22T01:39:29Z
985,10,09,01,100901,PUERTO INCA,V Censo Nacional Economico,1,100,01,00,2022-07-22T01:39:29Z
986,10,09,02,100902,CODO DEL POZUZO,V Censo Nacional Economico,1,100,01,00,2022-07-22T01:39:29Z
906,09,07,10,090710,ÑAHUIMPUQUIO,V Censo Nacional Economico,1,090,01,00,2022-07-22T01:39:29Z
1106,12,04,10,120410,HUERTAS,V Censo Nacional Economico,1,120,02,00,2022-07-22T01:39:29Z
908,09,07,13,090713,QUISHUAR,V Censo Nacional Economico,1,090,01,00,2022-07-22T01:39:29Z
999,10,11,03,101103,CHACABAMBA,V Censo Nacional Economico,1,100,01,00,2022-07-22T01:39:29Z
910,09,07,15,090715,SALCAHUASI,V Censo Nacional Economico,1,090,01,00,2022-07-22T01:39:29Z
915,09,07,20,090720,ANDAYMARCA,V Censo Nacional Economico,1,090,01,00,2022-07-22T01:39:29Z
916,09,07,21,090721,ROBLE,V Censo Nacional Economico,1,090,01,00,2022-07-22T01:39:29Z
918,09,07,23,090723,SANTIAGO DE TUCUMA,V Censo Nacional Economico,1,090,01,00,2022-07-22T01:39:29Z
920,09,07,25,090725,COCHABAMBA,V Censo Nacional Economico,1,090,01,00,2022-07-22T01:39:29Z
922,10,01,02,100102,AMARILIS,V Censo Nacional Economico,1,100,01,00,2022-07-22T01:39:29Z
926,10,01,06,100106,QUISQUI (KICHKI),V Censo Nacional Economico,1,100,01,00,2022-07-22T01:39:29Z
927,10,01,07,100107,SAN FRANCISCO DE CAYRAN,V Censo Nacional Economico,1,100,01,00,2022-07-22T01:39:29Z
930,10,01,10,100110,YARUMAYO,V Censo Nacional Economico,1,100,01,00,2022-07-22T01:39:29Z
932,10,01,12,100112,YACUS,V Censo Nacional Economico,1,100,01,00,2022-07-22T01:39:29Z
937,10,02,04,100204,CONCHAMARCA,V Censo Nacional Economico,1,100,01,00,2022-07-22T01:39:29Z
938,10,02,05,100205,HUACAR,V Censo Nacional Economico,1,100,01,00,2022-07-22T01:39:29Z
939,10,02,06,100206,SAN FRANCISCO,V Censo Nacional Economico,1,100,01,00,2022-07-22T01:39:29Z
940,10,02,07,100207,SAN RAFAEL,V Censo Nacional Economico,1,100,01,00,2022-07-22T01:39:29Z
941,10,02,08,100208,TOMAY KICHWA,V Censo Nacional Economico,1,100,01,00,2022-07-22T01:39:29Z
942,10,03,01,100301,LA UNION,V Censo Nacional Economico,1,100,01,00,2022-07-22T01:39:29Z
943,10,03,07,100307,CHUQUIS,V Censo Nacional Economico,1,100,01,00,2022-07-22T01:39:29Z
946,10,03,16,100316,QUIVILLA,V Censo Nacional Economico,1,100,01,00,2022-07-22T01:39:29Z
1010,11,01,06,110106,PARCONA,V Censo Nacional Economico,1,110,01,00,2022-07-22T01:39:29Z
947,10,03,17,100317,RIPAN,V Censo Nacional Economico,1,100,01,00,2022-07-22T01:39:29Z
948,10,03,21,100321,SHUNQUI,V Censo Nacional Economico,1,100,01,00,2022-07-22T01:39:29Z
1029,11,02,11,110211,TAMBO DE MORA,V Censo Nacional Economico,1,110,02,00,2022-07-22T01:39:29Z
950,10,03,23,100323,YANAS,V Censo Nacional Economico,1,100,01,00,2022-07-22T01:39:29Z
961,10,05,07,100507,MONZON,V Censo Nacional Economico,1,100,01,00,2022-07-22T01:39:29Z
1037,11,04,03,110403,RIO GRANDE,V Censo Nacional Economico,1,110,03,00,2022-07-22T01:39:29Z
973,10,06,08,100608,CASTILLO GRANDE,V Censo Nacional Economico,1,100,02,00,2022-07-22T01:39:29Z
975,10,06,10,100610,SANTO DOMINGO DE ANDA,V Censo Nacional Economico,1,100,02,00,2022-07-22T01:39:29Z
987,10,09,03,100903,HONORIA,V Censo Nacional Economico,1,100,01,00,2022-07-22T01:39:29Z
998,10,11,02,101102,CAHUAC,V Censo Nacional Economico,1,100,01,00,2022-07-22T01:39:29Z
1001,10,11,05,101105,JACAS CHICO,V Censo Nacional Economico,1,100,01,00,2022-07-22T01:39:29Z
1003,10,11,07,101107,PAMPAMARCA,V Censo Nacional Economico,1,100,01,00,2022-07-22T01:39:29Z
1040,11,05,01,110501,PISCO,V Censo Nacional Economico,1,110,02,00,2022-07-22T01:39:29Z
1041,11,05,02,110502,HUANCANO,V Censo Nacional Economico,1,110,02,00,2022-07-22T01:39:29Z
1042,11,05,03,110503,HUMAY,V Censo Nacional Economico,1,110,02,00,2022-07-22T01:39:29Z
1004,10,11,08,101108,CHORAS,V Censo Nacional Economico,1,100,01,00,2022-07-22T01:39:29Z
1007,11,01,03,110103,LOS AQUIJES,V Censo Nacional Economico,1,110,01,00,2022-07-22T01:39:29Z
1014,11,01,10,110110,SAN JUAN BAUTISTA,V Censo Nacional Economico,1,110,01,00,2022-07-22T01:39:29Z
1016,11,01,12,110112,SUBTANJALLA,V Censo Nacional Economico,1,110,01,00,2022-07-22T01:39:29Z
1067,12,01,27,120127,QUICHUAY,V Censo Nacional Economico,1,120,02,00,2022-07-22T01:39:29Z
1069,12,01,29,120129,SAN AGUSTIN,V Censo Nacional Economico,1,120,02,00,2022-07-22T01:39:29Z
1022,11,02,04,110204,CHINCHA BAJA,V Censo Nacional Economico,1,110,02,00,2022-07-22T01:39:29Z
1028,11,02,10,110210,SUNAMPE,V Censo Nacional Economico,1,110,02,00,2022-07-22T01:39:29Z
1039,11,04,05,110405,TIBILLO,V Censo Nacional Economico,1,110,03,00,2022-07-22T01:39:29Z
1045,11,05,06,110506,SAN ANDRES,V Censo Nacional Economico,1,110,02,00,2022-07-22T01:39:29Z
1103,12,04,07,120407,EL MANTARO,V Censo Nacional Economico,1,120,02,00,2022-07-22T01:39:29Z
1046,11,05,07,110507,SAN CLEMENTE,V Censo Nacional Economico,1,110,02,00,2022-07-22T01:39:29Z
1047,11,05,08,110508,TUPAC AMARU INCA,V Censo Nacional Economico,1,110,02,00,2022-07-22T01:39:29Z
1051,12,01,06,120106,CHICCHE,V Censo Nacional Economico,1,120,01,00,2022-07-22T01:39:29Z
1108,12,04,12,120412,JULCAN,V Censo Nacional Economico,1,120,02,00,2022-07-22T01:39:29Z
1052,12,01,07,120107,CHILCA,V Censo Nacional Economico,1,120,01,00,2022-07-22T01:39:29Z
1054,12,01,11,120111,CHUPURO,V Censo Nacional Economico,1,120,01,00,2022-07-22T01:39:29Z
1056,12,01,13,120113,CULLHUAS,V Censo Nacional Economico,1,120,01,00,2022-07-22T01:39:29Z
1061,12,01,20,120120,HUASICANCHA,V Censo Nacional Economico,1,120,01,00,2022-07-22T01:39:29Z
1063,12,01,22,120122,INGENIO,V Censo Nacional Economico,1,120,02,00,2022-07-22T01:39:29Z
1066,12,01,26,120126,PUCARA,V Censo Nacional Economico,1,120,01,00,2022-07-22T01:39:29Z
1109,12,04,13,120413,LEONOR ORDOÑEZ,V Censo Nacional Economico,1,120,02,00,2022-07-22T01:39:29Z
1077,12,02,02,120202,ACO,V Censo Nacional Economico,1,120,02,00,2022-07-22T01:39:29Z
1088,12,02,13,120213,ORCOTUNA,V Censo Nacional Economico,1,120,02,00,2022-07-22T01:39:29Z
1089,12,02,14,120214,SAN JOSE DE QUERO,V Censo Nacional Economico,1,120,02,00,2022-07-22T01:39:29Z
1072,12,01,33,120133,SAPALLANGA,V Censo Nacional Economico,1,120,01,00,2022-07-22T01:39:29Z
1117,12,04,21,120421,MUQUIYAUYO,V Censo Nacional Economico,1,120,02,00,2022-07-22T01:39:29Z
1073,12,01,34,120134,SICAYA,V Censo Nacional Economico,1,120,02,00,2022-07-22T01:39:29Z
1083,12,02,08,120208,MANZANARES,V Censo Nacional Economico,1,120,02,00,2022-07-22T01:39:29Z
1120,12,04,24,120424,PANCAN,V Censo Nacional Economico,1,120,02,00,2022-07-22T01:39:29Z
1084,12,02,09,120209,MARISCAL CASTILLA,V Censo Nacional Economico,1,120,02,00,2022-07-22T01:39:29Z
1102,12,04,06,120406,CURICACA,V Censo Nacional Economico,1,120,02,00,2022-07-22T01:39:29Z
1107,12,04,11,120411,JANJAILLO,V Censo Nacional Economico,1,120,02,00,2022-07-22T01:39:29Z
1111,12,04,15,120415,MARCO,V Censo Nacional Economico,1,120,02,00,2022-07-22T01:39:29Z
1110,12,04,14,120414,LLOCLLAPAMPA,V Censo Nacional Economico,1,120,02,00,2022-07-22T01:39:29Z
1121,12,04,25,120425,PARCO,V Censo Nacional Economico,1,120,02,00,2022-07-22T01:39:29Z
1259,14,01,05,140105,JOSE LEONARDO ORTIZ,V Censo Nacional Economico,1,140,02,00,2022-07-22T01:39:29Z
1113,12,04,17,120417,MASMA CHICCHE,V Censo Nacional Economico,1,120,02,00,2022-07-22T01:39:29Z
1116,12,04,20,120420,MUQUI,V Censo Nacional Economico,1,120,02,00,2022-07-22T01:39:29Z
1118,12,04,22,120422,PACA,V Censo Nacional Economico,1,120,02,00,2022-07-22T01:39:29Z
1119,12,04,23,120423,PACCHA,V Censo Nacional Economico,1,120,02,00,2022-07-22T01:39:29Z
1124,12,04,28,120428,SAN LORENZO,V Censo Nacional Economico,1,120,02,00,2022-07-22T01:39:29Z
1125,12,04,29,120429,SAN PEDRO DE CHUNAN,V Censo Nacional Economico,1,120,02,00,2022-07-22T01:39:29Z
1126,12,04,30,120430,SAUSA,V Censo Nacional Economico,1,120,02,00,2022-07-22T01:39:29Z
1128,12,04,32,120432,TUNAN MARCA,V Censo Nacional Economico,1,120,02,00,2022-07-22T01:39:29Z
1170,12,09,08,120908,TRES DE DICIEMBRE,V Censo Nacional Economico,1,120,02,00,2022-07-22T01:39:29Z
1129,12,04,33,120433,YAULI,V Censo Nacional Economico,1,120,02,00,2022-07-22T01:39:29Z
1130,12,04,34,120434,YAUYOS,V Censo Nacional Economico,1,120,02,00,2022-07-22T01:39:29Z
1176,13,01,05,130105,LA ESPERANZA,V Censo Nacional Economico,1,130,02,00,2022-07-22T01:39:29Z
1136,12,06,02,120602,COVIRIALI,V Censo Nacional Economico,1,120,03,00,2022-07-22T01:39:29Z
1145,12,07,02,120702,ACOBAMBA,V Censo Nacional Economico,1,120,03,00,2022-07-22T01:39:29Z
1885,25,03,03,250303,CURIMANA,V Censo Nacional Economico,1,250,01,00,2022-07-22T01:39:29Z
1886,25,03,04,250304,NESHUYA,V Censo Nacional Economico,1,250,01,00,2022-07-22T01:39:29Z
1887,25,03,05,250305,ALEXANDER VON HUMBOLDT,V Censo Nacional Economico,1,250,01,00,2022-07-22T01:39:29Z
1148,12,07,05,120705,LA UNION,V Censo Nacional Economico,1,120,03,00,2022-07-22T01:39:29Z
1154,12,08,02,120802,CHACAPALPA,V Censo Nacional Economico,1,120,02,00,2022-07-22T01:39:29Z
1159,12,08,07,120807,SANTA BARBARA DE CARHUACAYAN,V Censo Nacional Economico,1,120,02,00,2022-07-22T01:39:29Z
1160,12,08,08,120808,SANTA ROSA DE SACCO,V Censo Nacional Economico,1,120,02,00,2022-07-22T01:39:29Z
1167,12,09,05,120905,HUAMANCACA CHICO,V Censo Nacional Economico,1,120,02,00,2022-07-22T01:39:29Z
1182,13,01,11,130111,VICTOR LARCO HERRERA,V Censo Nacional Economico,1,130,02,00,2022-07-22T01:39:29Z
1168,12,09,06,120906,SAN JUAN DE ISCOS,V Censo Nacional Economico,1,120,02,00,2022-07-22T01:39:29Z
1172,13,01,01,130101,TRUJILLO,V Censo Nacional Economico,1,130,01,00,2022-07-22T01:39:29Z
1258,14,01,04,140104,ETEN PUERTO,V Censo Nacional Economico,1,140,02,00,2022-07-22T01:39:29Z
1173,13,01,02,130102,EL PORVENIR,V Censo Nacional Economico,1,130,02,00,2022-07-22T01:39:29Z
1178,13,01,07,130107,MOCHE,V Censo Nacional Economico,1,130,01,00,2022-07-22T01:39:29Z
1179,13,01,08,130108,POROTO,V Censo Nacional Economico,1,130,02,00,2022-07-22T01:39:29Z
1185,13,02,03,130203,CHOCOPE,V Censo Nacional Economico,1,130,02,00,2022-07-22T01:39:29Z
1186,13,02,04,130204,MAGDALENA DE CAO,V Censo Nacional Economico,1,130,02,00,2022-07-22T01:39:29Z
1187,13,02,05,130205,PAIJAN,V Censo Nacional Economico,1,130,02,00,2022-07-22T01:39:29Z
1189,13,02,07,130207,SANTIAGO DE CAO,V Censo Nacional Economico,1,130,02,00,2022-07-22T01:39:29Z
1196,13,03,06,130306,UCUNCHA,V Censo Nacional Economico,1,060,01,00,2022-07-22T01:39:29Z
1197,13,04,01,130401,CHEPEN,V Censo Nacional Economico,1,130,03,00,2022-07-22T01:39:29Z
1198,13,04,02,130402,PACANGA,V Censo Nacional Economico,1,130,03,00,2022-07-22T01:39:29Z
1199,13,04,03,130403,PUEBLO NUEVO,V Censo Nacional Economico,1,130,03,00,2022-07-22T01:39:29Z
1206,13,06,04,130604,CHARAT,V Censo Nacional Economico,1,130,02,00,2022-07-22T01:39:29Z
1208,13,06,06,130606,LA CUESTA,V Censo Nacional Economico,1,130,02,00,2022-07-22T01:39:29Z
1209,13,06,08,130608,MACHE,V Censo Nacional Economico,1,130,02,00,2022-07-22T01:39:29Z
1210,13,06,10,130610,PARANDAY,V Censo Nacional Economico,1,130,02,00,2022-07-22T01:39:29Z
1216,13,07,03,130703,JEQUETEPEQUE,V Censo Nacional Economico,1,130,03,00,2022-07-22T01:39:29Z
1267,14,01,13,140113,REQUE,V Censo Nacional Economico,1,140,02,00,2022-07-22T01:39:29Z
1217,13,07,04,130704,PACASMAYO,V Censo Nacional Economico,1,130,03,00,2022-07-22T01:39:29Z
1230,13,08,12,130812,TAURIJA,V Censo Nacional Economico,1,130,04,00,2022-07-22T01:39:29Z
1231,13,08,13,130813,URPAY,V Censo Nacional Economico,1,130,04,00,2022-07-22T01:39:29Z
1235,13,09,04,130904,CURGOS,V Censo Nacional Economico,1,130,04,00,2022-07-22T01:39:29Z
1243,13,10,04,131004,MOLLEBAMBA,V Censo Nacional Economico,1,130,04,00,2022-07-22T01:39:29Z
1255,14,01,01,140101,CHICLAYO,V Censo Nacional Economico,1,140,01,00,2022-07-22T01:39:29Z
1257,14,01,03,140103,ETEN,V Censo Nacional Economico,1,140,02,00,2022-07-22T01:39:29Z
1262,14,01,08,140108,MONSEFU,V Censo Nacional Economico,1,140,02,00,2022-07-22T01:39:29Z
1706,21,07,04,210704,NICASIO,V Censo Nacional Economico,1,210,03,00,2022-07-22T01:39:29Z
1260,14,01,06,140106,LA VICTORIA,V Censo Nacional Economico,1,140,02,00,2022-07-22T01:39:29Z
1265,14,01,11,140111,PICSI,V Censo Nacional Economico,1,140,02,00,2022-07-22T01:39:29Z
1275,14,02,01,140201,FERREÑAFE,V Censo Nacional Economico,1,140,01,00,2022-07-22T01:39:29Z
1266,14,01,12,140112,PIMENTEL,V Censo Nacional Economico,1,140,02,00,2022-07-22T01:39:29Z
1271,14,01,17,140117,PATAPO,V Censo Nacional Economico,1,140,01,00,2022-07-22T01:39:29Z
1272,14,01,18,140118,POMALCA,V Censo Nacional Economico,1,140,01,00,2022-07-22T01:39:29Z
1274,14,01,20,140120,TUMAN,V Censo Nacional Economico,1,140,01,00,2022-07-22T01:39:29Z
1278,14,02,04,140204,MANUEL ANTONIO MESONES MURO,V Censo Nacional Economico,1,140,01,00,2022-07-22T01:39:29Z
1281,14,03,01,140301,LAMBAYEQUE,V Censo Nacional Economico,1,140,03,00,2022-07-22T01:39:29Z
1282,14,03,02,140302,CHOCHOPE,V Censo Nacional Economico,1,140,03,00,2022-07-22T01:39:29Z
1283,14,03,03,140303,ILLIMO,V Censo Nacional Economico,1,140,03,00,2022-07-22T01:39:29Z
1285,14,03,05,140305,MOCHUMI,V Censo Nacional Economico,1,140,03,00,2022-07-22T01:39:29Z
1313,15,01,21,150121,PUEBLO LIBRE,V Censo Nacional Economico,1,150,05,00,2022-07-22T01:39:29Z
1315,15,01,23,150123,PACHACAMAC,V Censo Nacional Economico,1,150,16,00,2022-07-22T01:39:29Z
1316,15,01,24,150124,PUCUSANA,V Censo Nacional Economico,1,150,16,00,2022-07-22T01:39:29Z
1286,14,03,06,140306,MORROPE,V Censo Nacional Economico,1,140,03,00,2022-07-22T01:39:29Z
1289,14,03,09,140309,PACORA,V Censo Nacional Economico,1,140,03,00,2022-07-22T01:39:29Z
1292,14,03,12,140312,TUCUME,V Censo Nacional Economico,1,140,03,00,2022-07-22T01:39:29Z
1340,15,02,05,150205,SUPE PUERTO,V Censo Nacional Economico,1,15A,01,00,2022-07-22T01:39:29Z
1296,15,01,04,150104,BARRANCO,V Censo Nacional Economico,1,150,14,00,2022-07-22T01:39:29Z
1299,15,01,07,150107,CHACLACAYO,V Censo Nacional Economico,1,150,10,00,2022-07-22T01:39:29Z
1300,15,01,08,150108,CHORRILLOS,V Censo Nacional Economico,1,150,14,00,2022-07-22T01:39:29Z
1304,15,01,12,150112,INDEPENDENCIA,V Censo Nacional Economico,1,150,03,05,2022-07-22T01:39:29Z
1307,15,01,15,150115,LA VICTORIA,V Censo Nacional Economico,1,150,06,00,2022-07-22T01:39:29Z
1308,15,01,16,150116,LINCE,V Censo Nacional Economico,1,150,07,00,2022-07-22T01:39:29Z
1354,15,05,02,150502,ASIA,V Censo Nacional Economico,1,150,17,00,2022-07-22T01:39:29Z
1312,15,01,20,150120,MAGDALENA DEL MAR,V Censo Nacional Economico,1,150,05,00,2022-07-22T01:39:29Z
1322,15,01,30,150130,SAN BORJA,V Censo Nacional Economico,1,150,08,00,2022-07-22T01:39:29Z
1366,15,05,14,150514,SAN LUIS,V Censo Nacional Economico,1,150,17,00,2022-07-22T01:39:29Z
1323,15,01,31,150131,SAN ISIDRO,V Censo Nacional Economico,1,150,07,00,2022-07-22T01:39:29Z
1326,15,01,34,150134,SAN LUIS,V Censo Nacional Economico,1,150,06,00,2022-07-22T01:39:29Z
1329,15,01,37,150137,SANTA ANITA,V Censo Nacional Economico,1,150,11,11,2022-07-22T01:39:29Z
1331,15,01,39,150139,SANTA ROSA,V Censo Nacional Economico,1,150,01,00,2022-07-22T01:39:29Z
1332,15,01,40,150140,SANTIAGO DE SURCO,V Censo Nacional Economico,1,150,13,12,2022-07-22T01:39:29Z
1377,15,06,09,150609,SAN MIGUEL DE ACOS,V Censo Nacional Economico,1,15A,01,00,2022-07-22T01:39:29Z
1333,15,01,41,150141,SURQUILLO,V Censo Nacional Economico,1,150,08,00,2022-07-22T01:39:29Z
1336,15,02,01,150201,BARRANCA,V Censo Nacional Economico,1,15A,01,00,2022-07-22T01:39:29Z
1383,15,07,03,150703,CALLAHUANCA,V Censo Nacional Economico,1,150,10,00,2022-07-22T01:39:29Z
1338,15,02,03,150203,PATIVILCA,V Censo Nacional Economico,1,15A,01,00,2022-07-22T01:39:29Z
1347,15,04,02,150402,ARAHUAY,V Censo Nacional Economico,1,150,02,01,2022-07-22T01:39:29Z
1350,15,04,05,150405,LACHAQUI,V Censo Nacional Economico,1,150,02,01,2022-07-22T01:39:29Z
1351,15,04,06,150406,SAN BUENAVENTURA,V Censo Nacional Economico,1,150,02,01,2022-07-22T01:39:29Z
1352,15,04,07,150407,SANTA ROSA DE QUIVES,V Censo Nacional Economico,1,150,02,01,2022-07-22T01:39:29Z
1359,15,05,07,150507,IMPERIAL,V Censo Nacional Economico,1,150,17,00,2022-07-22T01:39:29Z
1367,15,05,15,150515,SANTA CRUZ DE FLORES,V Censo Nacional Economico,1,150,17,00,2022-07-22T01:39:29Z
1407,15,07,27,150727,SANTA CRUZ DE COCACHACRA,V Censo Nacional Economico,1,150,10,00,2022-07-22T01:39:29Z
1371,15,06,03,150603,ATAVILLOS BAJO,V Censo Nacional Economico,1,15A,01,00,2022-07-22T01:39:29Z
1375,15,06,07,150607,LAMPIAN,V Censo Nacional Economico,1,15A,01,00,2022-07-22T01:39:29Z
1380,15,06,12,150612,VEINTISIETE DE NOVIEMBRE,V Censo Nacional Economico,1,15A,01,00,2022-07-22T01:39:29Z
1381,15,07,01,150701,MATUCANA,V Censo Nacional Economico,1,150,10,00,2022-07-22T01:39:29Z
1387,15,07,07,150707,HUACHUPAMPA,V Censo Nacional Economico,1,150,10,00,2022-07-22T01:39:29Z
1417,15,08,05,150805,HUALMAY,V Censo Nacional Economico,1,15A,01,00,2022-07-22T01:39:29Z
1390,15,07,10,150710,LAHUAYTAMBO,V Censo Nacional Economico,1,150,10,00,2022-07-22T01:39:29Z
1391,15,07,11,150711,LANGA,V Censo Nacional Economico,1,150,10,00,2022-07-22T01:39:29Z
1393,15,07,13,150713,MARIATANA,V Censo Nacional Economico,1,150,10,00,2022-07-22T01:39:29Z
1564,19,02,03,190203,GOYLLARISQUIZGA,V Censo Nacional Economico,1,190,00,00,2022-07-22T01:39:29Z
1394,15,07,14,150714,RICARDO PALMA,V Censo Nacional Economico,1,150,10,00,2022-07-22T01:39:29Z
1395,15,07,15,150715,SAN ANDRES DE TUPICOCHA,V Censo Nacional Economico,1,150,10,00,2022-07-22T01:39:29Z
1397,15,07,17,150717,SAN BARTOLOME,V Censo Nacional Economico,1,150,10,00,2022-07-22T01:39:29Z
1471,16,01,08,160108,PUNCHANA,V Censo Nacional Economico,1,160,01,00,2022-07-22T01:39:29Z
1399,15,07,19,150719,SAN JUAN DE IRIS,V Censo Nacional Economico,1,150,10,00,2022-07-22T01:39:29Z
1403,15,07,23,150723,SAN MATEO DE OTAO,V Censo Nacional Economico,1,150,10,00,2022-07-22T01:39:29Z
1638,20,08,02,200802,BELLAVISTA DE LA UNION,V Censo Nacional Economico,1,200,02,00,2022-07-22T01:39:29Z
1404,15,07,24,150724,SAN PEDRO DE CASTA,V Censo Nacional Economico,1,150,10,00,2022-07-22T01:39:29Z
1639,20,08,03,200803,BERNAL,V Censo Nacional Economico,1,200,02,00,2022-07-22T01:39:29Z
1405,15,07,25,150725,SAN PEDRO DE HUANCAYRE,V Censo Nacional Economico,1,150,10,00,2022-07-22T01:39:29Z
1410,15,07,30,150730,SANTIAGO DE TUNA,V Censo Nacional Economico,1,150,10,00,2022-07-22T01:39:29Z
1412,15,07,32,150732,SURCO,V Censo Nacional Economico,1,150,10,00,2022-07-22T01:39:29Z
1531,18,01,04,180104,SAMEGUA,V Censo Nacional Economico,1,180,01,00,2022-07-22T01:39:29Z
1424,15,08,12,150812,VEGUETA,V Censo Nacional Economico,1,15A,01,00,2022-07-22T01:39:29Z
1427,15,09,03,150903,CAUJUL,V Censo Nacional Economico,1,15A,01,00,2022-07-22T01:39:29Z
1432,15,10,02,151002,ALIS,V Censo Nacional Economico,1,150,17,00,2022-07-22T01:39:29Z
1434,15,10,04,151004,AYAVIRI,V Censo Nacional Economico,1,150,17,00,2022-07-22T01:39:29Z
1440,15,10,10,151010,COCHAS,V Censo Nacional Economico,1,150,17,00,2022-07-22T01:39:29Z
1443,15,10,13,151013,HUAMPARA,V Censo Nacional Economico,1,150,17,00,2022-07-22T01:39:29Z
1445,15,10,15,151015,HUANGASCAR,V Censo Nacional Economico,1,150,17,00,2022-07-22T01:39:29Z
1447,15,10,17,151017,HUAÑEC,V Censo Nacional Economico,1,150,17,00,2022-07-22T01:39:29Z
1453,15,10,23,151023,PUTINZA,V Censo Nacional Economico,1,150,17,00,2022-07-22T01:39:29Z
1587,20,01,15,200115,VEINTISEIS DE OCTUBRE,V Censo Nacional Economico,1,200,02,00,2022-07-22T01:39:29Z
1455,15,10,25,151025,QUINOCAY,V Censo Nacional Economico,1,150,17,00,2022-07-22T01:39:29Z
1606,20,04,01,200401,CHULUCANAS,V Censo Nacional Economico,1,200,03,00,2022-07-22T01:39:29Z
1607,20,04,02,200402,BUENOS AIRES,V Censo Nacional Economico,1,200,03,00,2022-07-22T01:39:29Z
1456,15,10,26,151026,SAN JOAQUIN,V Censo Nacional Economico,1,150,17,00,2022-07-22T01:39:29Z
1457,15,10,27,151027,SAN PEDRO DE PILAS,V Censo Nacional Economico,1,150,17,00,2022-07-22T01:39:29Z
1463,15,10,33,151033,VITIS,V Censo Nacional Economico,1,150,17,00,2022-07-22T01:39:29Z
1466,16,01,03,160103,FERNANDO LORES,V Censo Nacional Economico,1,160,01,00,2022-07-22T01:39:29Z
1618,20,05,03,200503,ARENAL,V Censo Nacional Economico,1,200,04,00,2022-07-22T01:39:29Z
1492,16,05,03,160503,CAPELO,V Censo Nacional Economico,1,160,01,00,2022-07-22T01:39:29Z
1635,20,07,05,200705,LOS ORGANOS,V Censo Nacional Economico,1,200,06,00,2022-07-22T01:39:29Z
1496,16,05,07,160507,SAQUENA,V Censo Nacional Economico,1,160,01,00,2022-07-22T01:39:29Z
1502,16,06,02,160602,INAHUAYA,V Censo Nacional Economico,1,250,01,00,2022-07-22T01:39:29Z
1503,16,06,03,160603,PADRE MARQUEZ,V Censo Nacional Economico,1,250,01,00,2022-07-22T01:39:29Z
1504,16,06,04,160604,PAMPA HERMOSA,V Censo Nacional Economico,1,250,01,00,2022-07-22T01:39:29Z
1530,18,01,03,180103,CUCHUMBAYA,V Censo Nacional Economico,1,180,01,00,2022-07-22T01:39:29Z
1537,18,02,03,180203,COALAQUE,V Censo Nacional Economico,1,180,01,00,2022-07-22T01:39:29Z
1540,18,02,06,180206,LLOQUE,V Censo Nacional Economico,1,180,01,00,2022-07-22T01:39:29Z
1545,18,02,11,180211,YUNGA,V Censo Nacional Economico,1,180,01,00,2022-07-22T01:39:29Z
1549,19,01,01,190101,CHAUPIMARCA,V Censo Nacional Economico,1,190,00,00,2022-07-22T01:39:29Z
1551,19,01,03,190103,HUARIACA,V Censo Nacional Economico,1,190,00,00,2022-07-22T01:39:29Z
1554,19,01,06,190106,PALLANCHACRA,V Censo Nacional Economico,1,190,00,00,2022-07-22T01:39:29Z
1559,19,01,11,190111,TINYAHUARCO,V Censo Nacional Economico,1,190,00,00,2022-07-22T01:39:29Z
1566,19,02,05,190205,SAN PEDRO DE PILLAO,V Censo Nacional Economico,1,190,00,00,2022-07-22T01:39:29Z
1568,19,02,07,190207,TAPUC,V Censo Nacional Economico,1,190,00,00,2022-07-22T01:39:29Z
1775,22,04,06,220406,TINGO DE SAPOSOA,V Censo Nacional Economico,1,22B,02,00,2022-07-22T01:39:29Z
1569,19,02,08,190208,VILCABAMBA,V Censo Nacional Economico,1,190,00,00,2022-07-22T01:39:29Z
1578,20,01,01,200101,PIURA,V Censo Nacional Economico,1,200,01,00,2022-07-22T01:39:29Z
1697,21,06,03,210603,HUATASANI,V Censo Nacional Economico,1,210,01,00,2022-07-22T01:39:29Z
1581,20,01,07,200107,CURA MORI,V Censo Nacional Economico,1,200,02,00,2022-07-22T01:39:29Z
1702,21,06,08,210608,VILQUE CHICO,V Censo Nacional Economico,1,210,01,00,2022-07-22T01:39:29Z
1703,21,07,01,210701,LAMPA,V Censo Nacional Economico,1,210,03,00,2022-07-22T01:39:29Z
1704,21,07,02,210702,CABANILLA,V Censo Nacional Economico,1,210,03,00,2022-07-22T01:39:29Z
1705,21,07,03,210703,CALAPUJA,V Censo Nacional Economico,1,210,03,00,2022-07-22T01:39:29Z
1582,20,01,08,200108,EL TALLAN,V Censo Nacional Economico,1,200,02,00,2022-07-22T01:39:29Z
1584,20,01,10,200110,LA UNION,V Censo Nacional Economico,1,200,02,00,2022-07-22T01:39:29Z
1612,20,04,07,200407,SAN JUAN DE BIGOTE,V Censo Nacional Economico,1,200,03,00,2022-07-22T01:39:29Z
1619,20,05,04,200504,COLAN,V Censo Nacional Economico,1,200,04,00,2022-07-22T01:39:29Z
1622,20,05,07,200507,VICHAYAL,V Censo Nacional Economico,1,200,04,00,2022-07-22T01:39:29Z
1624,20,06,02,200602,BELLAVISTA,V Censo Nacional Economico,1,200,05,00,2022-07-22T01:39:29Z
1625,20,06,03,200603,IGNACIO ESCUDERO,V Censo Nacional Economico,1,200,05,00,2022-07-22T01:39:29Z
1628,20,06,06,200606,MIGUEL CHECA,V Censo Nacional Economico,1,200,05,00,2022-07-22T01:39:29Z
1630,20,06,08,200608,SALITRAL,V Censo Nacional Economico,1,200,05,00,2022-07-22T01:39:29Z
1632,20,07,02,200702,EL ALTO,V Censo Nacional Economico,1,200,06,00,2022-07-22T01:39:29Z
1636,20,07,06,200706,MANCORA,V Censo Nacional Economico,1,200,06,00,2022-07-22T01:39:29Z
1642,20,08,06,200806,RINCONADA LLICUAR,V Censo Nacional Economico,1,200,02,00,2022-07-22T01:39:29Z
1784,22,05,09,220509,SHANAO,V Censo Nacional Economico,1,22A,01,00,2022-07-22T01:39:29Z
1641,20,08,05,200805,VICE,V Censo Nacional Economico,1,200,02,00,2022-07-22T01:39:29Z
1645,21,01,03,210103,AMANTANI,V Censo Nacional Economico,1,210,01,00,2022-07-22T01:39:29Z
1650,21,01,08,210108,HUATA,V Censo Nacional Economico,1,210,01,00,2022-07-22T01:39:29Z
1651,21,01,09,210109,MAÑAZO,V Censo Nacional Economico,1,210,01,00,2022-07-22T01:39:29Z
1659,21,02,02,210202,ACHAYA,V Censo Nacional Economico,1,210,03,00,2022-07-22T01:39:29Z
1684,21,04,02,210402,DESAGUADERO,V Censo Nacional Economico,1,210,01,00,2022-07-22T01:39:29Z
1724,21,09,03,210903,HUAYRAPATA,V Censo Nacional Economico,1,210,01,00,2022-07-22T01:39:29Z
1782,22,05,07,220507,RUMISAPA,V Censo Nacional Economico,1,22A,01,00,2022-07-22T01:39:29Z
1728,21,10,03,211003,PEDRO VILCA APAZA,V Censo Nacional Economico,1,210,03,00,2022-07-22T01:39:29Z
1748,21,13,03,211303,COPANI,V Censo Nacional Economico,1,210,01,00,2022-07-22T01:39:29Z
1749,21,13,04,211304,CUTURAPI,V Censo Nacional Economico,1,210,01,00,2022-07-22T01:39:29Z
1750,21,13,05,211305,OLLARAYA,V Censo Nacional Economico,1,210,01,00,2022-07-22T01:39:29Z
1751,21,13,06,211306,TINICACHI,V Censo Nacional Economico,1,210,01,00,2022-07-22T01:39:29Z
1752,21,13,07,211307,UNICACHI,V Censo Nacional Economico,1,210,01,00,2022-07-22T01:39:29Z
1759,22,02,01,220201,BELLAVISTA,V Censo Nacional Economico,1,22B,01,00,2022-07-22T01:39:29Z
1766,22,03,02,220302,AGUA BLANCA,V Censo Nacional Economico,1,22A,01,00,2022-07-22T01:39:29Z
1769,22,03,05,220305,SHATOJA,V Censo Nacional Economico,1,22A,01,00,2022-07-22T01:39:29Z
1772,22,04,03,220403,EL ESLABON,V Censo Nacional Economico,1,22B,02,00,2022-07-22T01:39:29Z
1773,22,04,04,220404,PISCOYACU,V Censo Nacional Economico,1,22B,02,00,2022-07-22T01:39:29Z
1774,22,04,05,220405,SACANCHE,V Censo Nacional Economico,1,22B,02,00,2022-07-22T01:39:29Z
1795,22,07,04,220704,PILLUANA,V Censo Nacional Economico,1,22B,01,00,2022-07-22T01:39:29Z
1797,22,07,06,220706,SAN CRISTOBAL,V Censo Nacional Economico,1,22B,01,00,2022-07-22T01:39:29Z
1792,22,07,01,220701,PICOTA,V Censo Nacional Economico,1,22B,01,00,2022-07-22T01:39:29Z
1793,22,07,02,220702,BUENOS AIRES,V Censo Nacional Economico,1,22B,01,00,2022-07-22T01:39:29Z
1796,22,07,05,220705,PUCACACA,V Censo Nacional Economico,1,22B,01,00,2022-07-22T01:39:29Z
1799,22,07,08,220708,SHAMBOYACU,V Censo Nacional Economico,1,22B,01,00,2022-07-22T01:39:29Z
1801,22,07,10,220710,TRES UNIDOS,V Censo Nacional Economico,1,22B,01,00,2022-07-22T01:39:29Z
1809,22,08,08,220808,YORONGOS,V Censo Nacional Economico,1,22A,02,00,2022-07-22T01:39:29Z
1811,22,09,01,220901,TARAPOTO,V Censo Nacional Economico,1,22B,01,00,2022-07-22T01:39:29Z
1818,22,09,08,220908,JUAN GUERRA,V Censo Nacional Economico,1,22B,01,00,2022-07-22T01:39:29Z
1833,23,01,03,230103,CALANA,V Censo Nacional Economico,1,230,02,00,2022-07-22T01:39:29Z
1841,23,01,11,230111,LA YARADA LOS PALOS,V Censo Nacional Economico,1,230,01,00,2022-07-22T01:39:29Z
1838,23,01,08,230108,POCOLLAY,V Censo Nacional Economico,1,230,02,00,2022-07-22T01:39:29Z
1840,23,01,10,230110,CORONEL GREGORIO ALBARRACIN LANCHIPA,V Censo Nacional Economico,1,230,02,00,2022-07-22T01:39:29Z
1846,23,02,05,230205,HUANUARA,V Censo Nacional Economico,1,230,02,00,2022-07-22T01:39:29Z
1847,23,02,06,230206,QUILAHUANI,V Censo Nacional Economico,1,230,02,00,2022-07-22T01:39:29Z
1845,23,02,04,230204,CURIBAYA,V Censo Nacional Economico,1,230,02,00,2022-07-22T01:39:29Z
1860,24,01,02,240102,CORRALES,V Censo Nacional Economico,1,240,00,00,2022-07-22T01:39:29Z
1861,24,01,03,240103,LA CRUZ,V Censo Nacional Economico,1,240,00,00,2022-07-22T01:39:29Z
1868,24,03,01,240301,ZARUMILLA,V Censo Nacional Economico,1,240,00,00,2022-07-22T01:39:29Z
1876,25,01,05,250105,YARINACOCHA,V Censo Nacional Economico,1,250,01,00,2022-07-22T01:39:29Z
1878,25,01,07,250107,MANANTAY,V Censo Nacional Economico,1,250,01,00,2022-07-22T01:39:29Z
